nveh,mean_speed,heavy_share,congestion_score,emission_score,aqi_proxy,label
1.0,50.064524281551165,0.0,1.4,1.1,125.81800000000003,no_action
2.0,45.05819653361886,0.0,2.8,2.2,128.12800000000001,no_action
3.0,40.19168502198558,0.0,4.199999999999999,3.3000000000000003,130.43800000000002,no_action
1.0,49.370356217864675,0.0,1.4,1.1,125.81800000000003,no_action
1.0,0.0,0.0,56.2,47.9,224.098,no_action
1.0,8.048519903706785,0.0,36.49325621184507,29.002960192586432,184.41421640443153,no_action
2.0,48.009097467716984,0.0,2.8,2.2,128.12800000000001,no_action
2.0,33.433589677353424,0.0,2.8,2.2,128.12800000000001,no_action
1.0,54.181345960217975,0.0,1.4,1.1,125.81800000000003,no_action
1.0,39.98830980524508,0.0,1.4,1.1,125.81800000000003,no_action
1.0,44.6741385737509,0.0,1.4,1.1,125.81800000000003,no_action
1.0,24.380445599999998,0.0,1.4,1.1,125.81800000000003,no_action
1.0,46.330460826340094,0.0,1.4,1.1,125.81800000000003,no_action
1.0,0.0,0.0,56.2,47.9,224.098,no_action
1.0,64.94943448938248,0.0,1.4,1.1,125.81800000000003,no_action
1.0,49.95930244042432,0.0,1.4,1.1,125.81800000000003,no_action
2.0,31.477602107686614,0.0,2.8,2.2,128.12800000000001,no_action
5.0,2.8615558056941888,0.0,61.504577227472794,54.97688838861163,238.95946561608446,speed_harmonization
1.0,19.194964040226473,0.0,11.97107911150176,6.710071919547053,137.59915103104885,no_action
1.0,59.947215086104826,0.0,1.4,1.1,125.81800000000003,no_action
1.0,24.945200082316266,0.0,1.4,1.1,125.81800000000003,no_action
1.0,49.85212423992401,0.0,1.4,1.1,125.81800000000003,no_action
2.0,28.974852781597143,0.0,2.8,2.2,128.12800000000001,no_action
1.0,54.08836759099111,0.0,1.4,1.1,125.81800000000003,no_action
1.0,49.781111546409996,0.0,1.4,1.1,125.81800000000003,no_action
3.0,48.108852658675936,0.0,4.199999999999999,3.3000000000000003,130.43800000000002,no_action
1.0,51.87979039975572,0.0,1.4,1.1,125.81800000000003,no_action
1.0,37.32380846628376,0.0,1.4,1.1,125.81800000000003,no_action
1.0,49.17546964179954,0.0,1.4,1.1,125.81800000000003,no_action
1.0,49.87714664440379,0.0,1.4,1.1,125.81800000000003,no_action
4.0,38.42280502876383,0.0,5.6,4.4,132.74800000000002,no_action
1.0,50.00399818726453,0.0,1.4,1.1,125.81800000000003,no_action
1.0,64.67270919635013,0.0,1.4,1.1,125.81800000000003,no_action
2.0,44.61520449421781,0.0,2.8,2.2,128.12800000000001,no_action
1.0,48.17283392450584,0.0,1.4,1.1,125.81800000000003,no_action
1.0,38.256886319394795,0.0,1.4,1.1,125.81800000000003,no_action
1.0,49.3380865014571,0.0,1.4,1.1,125.81800000000003,no_action
1.0,46.43696656551664,0.0,1.4,1.1,125.81800000000003,no_action
1.0,49.97986984380103,0.0,1.4,1.1,125.81800000000003,no_action
2.0,49.1405064891313,0.0,2.8,2.2,128.12800000000001,no_action
1.0,87.90073655884758,0.0,1.4,1.1,125.81800000000003,no_action
1.0,64.9065980701055,0.0,1.4,1.1,125.81800000000003,no_action
1.0,64.99799974135625,0.0,1.4,1.1,125.81800000000003,no_action
1.0,39.92627108125108,0.0,1.4,1.1,125.81800000000003,no_action
1.0,43.158838047627754,0.0,1.4,1.1,125.81800000000003,no_action
1.0,87.40121670158557,0.0,1.4,1.1,125.81800000000003,no_action
2.0,83.05368573787786,0.0,2.8,2.2,128.12800000000001,no_action
1.0,70.00199999911719,0.0,1.4,1.1,125.81800000000003,no_action
1.0,74.79142560178293,0.0,1.4,1.1,125.81800000000003,no_action
1.0,74.96359136102411,0.0,1.4,1.1,125.81800000000003,no_action
1.0,72.26027518362034,0.0,1.4,1.1,125.81800000000003,no_action
1.0,49.896362593533944,0.0,1.4,1.1,125.81800000000003,no_action
1.0,3.9037045878324492,0.0,45.61184990676861,37.2925908243351,201.82244073110374,no_action
1.0,45.32680129921377,0.0,1.4,1.1,125.81800000000003,no_action
1.0,36.57570726655095,0.0,1.4,1.1,125.81800000000003,no_action
2.0,49.75763793758174,0.0,2.8,2.2,128.12800000000001,no_action
2.0,36.90187929330507,0.0,4.8,5.0,134.00800000000004,no_action
1.0,74.91420535834708,0.0,1.4,1.1,125.81800000000003,no_action
3.0,43.508627451160486,0.0,4.199999999999999,3.3000000000000003,130.43800000000002,no_action
1.0,10.884550556055771,0.0,30.253988776677303,23.33089888788846,172.50288766456578,no_action
1.0,42.46750268725176,0.0,1.4,1.1,125.81800000000003,no_action
1.0,68.78627999991457,0.0,1.4,1.1,125.81800000000003,no_action
1.0,63.61704318401057,0.0,1.4,1.1,125.81800000000003,no_action
1.0,16.27207842804164,0.0,18.401427458308387,12.555843143916716,149.87527060222513,no_action
3.0,49.01356663907848,0.0,4.199999999999999,3.3000000000000003,130.43800000000002,no_action
1.0,74.73231051004736,0.0,1.4,1.1,125.81800000000003,no_action
2.0,40.4675602713495,0.0,2.8,2.2,128.12800000000001,no_action
1.0,68.19653022690524,0.0,1.4,1.1,125.81800000000003,no_action
1.0,18.82427642731119,0.0,12.786591859915383,7.451447145377619,139.15603900529302,no_action
1.0,39.686761250349434,0.0,1.4,1.1,125.81800000000003,no_action
1.0,29.58476420493091,1.0,1.4,5.1,224.21800000000002,no_action
1.0,0.0,0.0,56.2,47.9,224.098,no_action
1.0,27.085833230230897,0.0,1.4,1.1,125.81800000000003,no_action
2.0,48.00701549296493,0.0,2.8,2.2,128.12800000000001,no_action
4.0,41.6681531474089,0.25,5.6,8.4,163.64800000000002,heavy_vehicle_ban
1.0,10.326261249797973,0.0,31.48222525044446,24.447477500404055,174.84770275084855,no_action
1.0,22.287542512794744,0.0,5.167406471851564,1.1,125.81800000000003,no_action
1.0,9.354895637021013,0.0,33.61922959855377,26.390208725957976,178.92743832451177,no_action
1.0,26.139245857851463,0.0,1.4,1.1,125.81800000000003,no_action
1.0,69.97598146316878,0.0,1.4,1.1,125.81800000000003,no_action
1.0,75.00597181486562,0.0,1.4,1.1,125.81800000000003,no_action
1.0,38.13122420832751,0.0,1.4,1.1,125.81800000000003,no_action
1.0,39.984962215934736,0.0,1.4,1.1,125.81800000000003,no_action
1.0,57.13604125521774,1.0,1.4,5.1,224.21800000000002,no_action
1.0,62.990870400000006,0.0,1.4,1.1,125.81800000000003,no_action
1.0,40.33755871428771,0.0,1.4,1.1,125.81800000000003,no_action
1.0,74.90695103169011,0.0,1.4,1.1,125.81800000000003,no_action
1.0,20.631513600000005,0.0,8.810670079999989,3.8369727999999896,131.56564288,no_action
1.0,2.9039197723266086,1.0,47.81137650088146,43.29216045534678,304.42153695622824,no_action
1.0,17.49993040140748,0.0,15.700153116903548,10.100139197185042,144.71829231408861,no_action
1.0,64.57703051752749,0.0,1.4,1.1,125.81800000000003,no_action
1.0,45.067843345431186,0.0,1.4,1.1,125.81800000000003,no_action
7.0,4.340120609637543,0.0,63.0517346587974,57.01975878072491,243.24949343952235,rerouting
1.0,38.676476076108194,0.0,1.4,1.1,125.81800000000003,no_action
1.0,27.534346191786412,0.0,1.4,1.1,125.81800000000003,no_action
1.0,59.99399977778545,0.0,1.4,1.1,125.81800000000003,no_action
1.0,44.671236973392496,0.0,1.4,1.1,125.81800000000003,no_action
1.0,38.38187377981752,0.0,1.4,1.1,125.81800000000003,no_action
1.0,23.26154566314348,0.0,3.0245995410843447,1.1,125.81800000000003,no_action
2.0,51.34555062798572,0.0,2.8,2.2,128.12800000000001,no_action
1.0,73.21740290504754,0.0,1.4,1.1,125.81800000000003,no_action
1.0,52.73358653303178,0.0,1.4,1.1,125.81800000000003,no_action
1.0,23.74831188516411,1.0,1.9537138526389577,5.1,224.21800000000002,no_action
1.0,6.276783914439129,0.0,40.391075388233915,32.546432171121744,191.8555075593557,no_action
3.0,48.987234888608825,0.0,4.199999999999999,3.3000000000000003,130.43800000000002,no_action
1.0,39.93430827931193,0.0,1.4,1.1,125.81800000000003,no_action
1.0,43.123530414931196,0.0,1.4,1.1,125.81800000000003,no_action
2.0,48.81946098143322,0.0,2.8,2.2,128.12800000000001,no_action
2.0,47.22626023365742,0.0,2.8,2.2,128.12800000000001,no_action
1.0,39.033259166012776,0.0,1.4,1.1,125.81800000000003,no_action
1.0,67.99112819994176,0.0,1.4,1.1,125.81800000000003,no_action
1.0,56.10463083958102,0.0,1.4,1.1,125.81800000000003,no_action
3.0,14.801213273263436,0.0,26.437330798820444,20.49757345347313,166.55290425229362,idling_restriction
1.0,9.358396969118004,0.0,33.61152666794039,26.383206061763993,178.9127327297044,no_action
3.0,44.64539707645919,0.0,4.199999999999999,3.3000000000000003,130.43800000000002,no_action
1.0,31.401531874674998,0.0,1.4,1.1,125.81800000000003,no_action
1.0,42.96487389090564,0.0,1.4,1.1,125.81800000000003,no_action
2.0,63.49856252986635,0.5,2.8,6.2,181.52800000000002,no_action
1.0,87.50531698137034,0.0,1.4,1.1,125.81800000000003,no_action
1.0,87.22734079485707,0.0,1.4,1.1,125.81800000000003,no_action
1.0,0.0,0.0,56.2,47.9,224.098,no_action
2.0,40.17971679831944,0.0,2.8,2.2,128.12800000000001,no_action
2.0,62.40945493144704,0.0,2.8,2.2,128.12800000000001,no_action
1.0,64.99799999879306,0.0,1.4,1.1,125.81800000000003,no_action
1.0,0.0,0.0,56.2,47.9,224.098,no_action
1.0,39.97979851477018,0.0,1.4,1.1,125.81800000000003,no_action
2.0,83.1038257807666,0.0,2.8,2.2,128.12800000000001,no_action
2.0,49.2538166487056,0.0,2.8,2.2,128.12800000000001,no_action
2.0,33.336,0.0,6.8,7.8,139.88800000000003,idling_restriction
1.0,69.97561105852046,0.0,1.4,1.1,125.81800000000003,no_action
1.0,74.45032245442519,0.0,1.4,1.1,125.81800000000003,no_action
3.0,46.037820995121244,0.0,4.199999999999999,3.3000000000000003,130.43800000000002,no_action
1.0,42.71783402705408,0.0,1.4,1.1,125.81800000000003,no_action
3.0,49.53206375330994,0.0,4.199999999999999,3.3000000000000003,130.43800000000002,no_action
1.0,65.68088399999999,0.0,1.4,1.1,125.81800000000003,no_action
1.0,75.35633278876848,1.0,1.4,5.1,224.21800000000002,no_action
4.0,42.9617174144263,0.25,5.6,8.4,163.64800000000002,heavy_vehicle_ban
1.0,78.90542066320769,0.0,1.4,1.1,125.81800000000003,no_action
1.0,74.63722954116817,0.0,1.4,1.1,125.81800000000003,no_action
2.0,55.12148777089801,0.0,2.8,2.2,128.12800000000001,no_action
2.0,44.99007306123501,0.0,2.8,2.2,128.12800000000001,no_action
1.0,0.0,0.0,56.2,47.9,224.098,no_action
1.0,35.40243535886384,0.0,1.4,1.1,125.81800000000003,no_action
1.0,11.85144269826669,0.0,28.126826063813283,21.397114603466623,168.44194066727994,no_action
1.0,27.634630333667914,0.0,1.4,1.1,125.81800000000003,no_action
1.0,47.96952707997963,0.0,1.4,1.1,125.81800000000003,no_action
2.0,45.57336175507971,0.0,2.8,2.2,128.12800000000001,no_action
3.0,30.9769022139438,0.3333333333333333,4.199999999999999,7.300000000000001,168.83800000000002,heavy_vehicle_ban
1.0,47.99848859302377,0.0,1.4,1.1,125.81800000000003,no_action
1.0,49.99911122839255,0.0,1.4,1.1,125.81800000000003,no_action
1.0,74.30639889784646,0.0,1.4,1.1,125.81800000000003,no_action
1.0,74.53438062116815,0.0,1.4,1.1,125.81800000000003,no_action
1.0,39.978836812663566,0.0,1.4,1.1,125.81800000000003,no_action
1.0,34.66122092236194,0.0,1.4,1.1,125.81800000000003,no_action
1.0,74.14760624257084,0.0,1.4,1.1,125.81800000000003,no_action
1.0,74.80134305701428,0.0,1.4,1.1,125.81800000000003,no_action
1.0,18.62323617431481,0.0,13.228880416507423,7.853527651370383,140.00040806787783,no_action
2.0,50.051772418831405,0.0,2.8,2.2,128.12800000000001,no_action
2.0,34.76820306806692,0.0,2.8,2.2,128.12800000000001,no_action
1.0,74.33591987943957,0.0,1.4,1.1,125.81800000000003,no_action
1.0,44.323487324696224,0.0,1.4,1.1,125.81800000000003,no_action
1.0,49.95265123115211,0.0,1.4,1.1,125.81800000000003,no_action
1.0,19.039118978565817,0.0,12.313938247155203,7.021762042868366,138.2537002900236,no_action
1.0,49.92147048738493,0.0,1.4,1.1,125.81800000000003,no_action
1.0,26.355304067850653,0.0,1.4,1.1,125.81800000000003,no_action
1.0,39.79133098196521,0.0,1.4,1.1,125.81800000000003,no_action
3.0,16.978651848898956,0.0,21.646965932422297,16.14269630220209,157.4076622346244,idling_restriction
1.0,45.358333456132165,0.0,1.4,1.1,125.81800000000003,no_action
4.0,43.567047320431264,0.0,5.6,4.4,132.74800000000002,no_action
1.0,47.88356159474305,0.0,1.4,1.1,125.81800000000003,no_action
2.0,40.12998817606131,0.0,2.8,2.2,128.12800000000001,no_action
1.0,41.42621845741048,0.0,1.4,1.1,125.81800000000003,no_action
2.0,55.1452129199094,0.0,2.8,2.2,128.12800000000001,no_action
1.0,59.99399999938289,0.0,1.4,1.1,125.81800000000003,no_action
1.0,60.862339018394124,0.0,1.4,1.1,125.81800000000003,no_action
4.0,52.42560458902987,0.0,5.6,4.4,132.74800000000002,no_action
1.0,10.73731352333937,0.0,30.577910248653385,23.62537295332126,173.12128320197468,no_action
1.0,25.785835833126146,0.0,1.4,1.1,125.81800000000003,no_action
1.0,29.987180391806852,1.0,1.4,5.1,224.21800000000002,no_action
1.0,59.93681226997762,0.0,1.4,1.1,125.81800000000003,no_action
3.0,4.619059631931697,0.0,50.83806880975027,43.6618807361366,215.1979495458869,speed_harmonization
3.0,40.015549430276664,0.0,4.199999999999999,3.3000000000000003,130.43800000000002,no_action
2.0,41.75737121550458,0.0,2.8,2.2,128.12800000000001,no_action
2.0,33.28142559277734,0.0,2.8,2.2,128.12800000000001,no_action
1.0,35.21790083167132,0.0,1.4,1.1,125.81800000000003,no_action
1.0,18.641388857733098,0.0,13.188944512987186,7.817222284533804,139.92416679752102,no_action
1.0,27.772710119792976,1.0,1.4,5.1,224.21800000000002,no_action
3.0,29.960784518237006,0.0,6.199999999999999,6.1,136.318,speed_harmonization
1.0,48.73575750574497,0.0,1.4,1.1,125.81800000000003,no_action
2.0,44.48827384340774,0.0,2.8,2.2,128.12800000000001,no_action
1.0,48.666527965593424,0.0,1.4,1.1,125.81800000000003,no_action
2.0,16.788738324571046,0.0,18.6647756859437,12.622523350857907,150.01529903680162,no_action
1.0,20.91338469127097,0.0,8.190553679203866,3.27323061745806,130.38178429666195,no_action
1.0,85.53433280084003,0.0,1.4,1.1,125.81800000000003,no_action
2.0,69.57297835548835,0.5,2.8,6.2,181.52800000000002,heavy_vehicle_ban
2.0,75.75380064457367,0.5,2.8,6.2,181.52800000000002,no_action
1.0,35.537575358946654,0.0,1.4,1.1,125.81800000000003,no_action
1.0,18.215121561752554,0.0,14.126732564144383,8.669756876494892,141.71448944063928,no_action
1.0,64.48151353829287,0.0,1.4,1.1,125.81800000000003,no_action
1.0,64.99799999879409,0.0,1.4,1.1,125.81800000000003,no_action
1.0,59.74609218714167,0.0,1.4,1.1,125.81800000000003,no_action
1.0,49.848896916580685,0.0,1.4,1.1,125.81800000000003,no_action
1.0,18.57656703791822,0.0,13.331552516579917,7.946865924163559,140.1964184407435,no_action
3.0,61.06727424507656,0.0,4.199999999999999,3.3000000000000003,130.43800000000002,no_action
2.0,81.11954365864564,0.0,2.8,2.2,128.12800000000001,no_action
1.0,67.81472278368632,0.0,1.4,1.1,125.81800000000003,no_action
1.0,73.5241678664833,0.0,1.4,1.1,125.81800000000003,no_action
2.0,32.78088911125072,0.0,2.8,2.2,128.12800000000001,no_action
1.0,29.9879634806831,1.0,1.4,5.1,224.21800000000002,no_action
1.0,50.003999995718075,0.0,1.4,1.1,125.81800000000003,no_action
1.0,27.437170645510307,0.0,1.4,1.1,125.81800000000003,no_action
1.0,59.98025875124309,0.0,1.4,1.1,125.81800000000003,no_action
1.0,50.004000000000005,0.0,3.4,3.9,131.69800000000004,no_action
1.0,72.56166510136053,0.0,1.4,1.1,125.81800000000003,no_action
1.0,69.92037206461856,0.0,1.4,1.1,125.81800000000003,no_action
3.0,47.27418688889517,0.0,4.199999999999999,3.3000000000000003,130.43800000000002,no_action
1.0,30.611800415903456,0.0,1.4,1.1,125.81800000000003,no_action
4.0,38.44506591921888,0.0,5.6,4.4,132.74800000000002,no_action
1.0,41.00889600000001,0.0,1.4,1.1,125.81800000000003,no_action
1.0,76.66785223639135,1.0,1.4,5.1,224.21800000000002,no_action
3.0,46.754415826200606,0.0,4.199999999999999,3.3000000000000003,130.43800000000002,no_action
1.0,74.88369969428673,0.0,1.4,1.1,125.81800000000003,no_action
1.0,75.00560601227303,0.0,1.4,1.1,125.81800000000003,no_action
2.0,61.064809337065455,0.0,2.8,2.2,128.12800000000001,no_action
2.0,21.49045547407098,0.0,8.320997957043843,3.219089051858039,130.26808700890192,no_action
2.0,31.264871987730128,0.0,2.8,2.2,128.12800000000001,no_action
1.0,45.18381028871067,0.0,1.4,1.1,125.81800000000003,no_action
2.0,24.73655285703242,0.0,2.8,2.2,128.12800000000001,no_action
1.0,44.88837668101845,0.0,1.4,1.1,125.81800000000003,no_action
1.0,29.841476397817157,1.0,1.4,5.1,224.21800000000002,no_action
1.0,50.00399997814443,0.0,1.4,1.1,125.81800000000003,no_action
3.0,58.61121739551731,0.0,4.199999999999999,3.3000000000000003,130.43800000000002,no_action
1.0,27.643746110867053,0.0,1.4,1.1,125.81800000000003,no_action
1.0,49.09688564449233,0.0,1.4,1.1,125.81800000000003,no_action
1.0,49.09179147733941,0.0,1.4,1.1,125.81800000000003,no_action
1.0,38.09137388150377,0.0,1.4,1.1,125.81800000000003,no_action
1.0,39.96573761492068,0.0,1.4,1.1,125.81800000000003,no_action
1.0,74.80849574333774,0.0,1.4,1.1,125.81800000000003,no_action
1.0,75.0059883868352,0.0,1.4,1.1,125.81800000000003,no_action
1.0,48.84031094174124,0.0,1.4,1.1,125.81800000000003,no_action
1.0,25.4060316,1.0,1.4,5.1,224.21800000000002,no_action
1.0,10.954015978512086,0.0,30.101164847273413,23.19196804297583,172.21113289024927,no_action
2.0,38.71117803553073,0.0,2.8,2.2,128.12800000000001,no_action
1.0,30.24879106681814,0.0,1.4,1.1,125.81800000000003,no_action
1.0,47.48348105693812,0.0,1.4,1.1,125.81800000000003,no_action
1.0,49.90930669823268,0.0,1.4,1.1,125.81800000000003,no_action
1.0,59.18762714360272,0.0,1.4,1.1,125.81800000000003,no_action
1.0,57.763998998753,0.0,1.4,1.1,125.81800000000003,no_action
1.0,20.062583999999966,0.0,10.062315200000077,4.9748320000000685,133.95514720000017,no_action
1.0,39.957128481417044,0.0,1.4,1.1,125.81800000000003,no_action
1.0,38.48452221259172,0.0,1.4,1.1,125.81800000000003,no_action
1.0,8.362515978550523,0.0,35.80246484718885,28.374968042898956,183.09543289008784,no_action
2.0,49.505916738375895,0.0,2.8,2.2,128.12800000000001,no_action
5.0,26.31566091771668,0.0,7.0,5.5,135.05800000000002,no_action
1.0,46.78668679963503,0.0,1.4,1.1,125.81800000000003,no_action
2.0,32.31264730639895,0.0,2.8,2.2,128.12800000000001,no_action
1.0,49.87354993815648,0.0,1.4,1.1,125.81800000000003,no_action
2.0,59.25365102186388,0.0,2.8,2.2,128.12800000000001,no_action
1.0,32.86959436261779,0.0,1.4,1.1,125.81800000000003,no_action
1.0,46.33413681336941,0.0,1.4,1.1,125.81800000000003,no_action
1.0,69.79687596970112,0.0,1.4,1.1,125.81800000000003,no_action
2.0,49.697867609411574,0.0,2.8,2.2,128.12800000000001,no_action
1.0,25.338091139742787,1.0,1.4,5.1,224.21800000000002,no_action
2.0,40.84142763683229,0.0,2.8,2.2,128.12800000000001,no_action
3.0,53.09361953401188,0.0,4.199999999999999,3.3000000000000003,130.43800000000002,no_action
1.0,50.03500102624312,0.0,1.4,1.1,125.81800000000003,no_action
1.0,74.98000526786863,0.0,1.4,1.1,125.81800000000003,no_action
1.0,49.79081282274523,0.0,1.4,1.1,125.81800000000003,no_action
1.0,41.553315790876724,0.0,1.4,1.1,125.81800000000003,no_action
1.0,29.899043748212115,1.0,1.4,5.1,224.21800000000002,no_action
1.0,34.61017347539693,0.0,1.4,1.1,125.81800000000003,no_action
3.0,0.00012882249542681555,0.0,62.99971659051006,55.69974235500915,240.47745894551923,idling_restriction
1.0,27.640276857954266,0.0,1.4,1.1,125.81800000000003,no_action
2.0,44.10312237777211,0.0,2.8,2.2,128.12800000000001,no_action
1.0,49.1771755633019,0.0,1.4,1.1,125.81800000000003,no_action
1.0,49.47990975489533,0.0,1.4,1.1,125.81800000000003,no_action
1.0,56.94329639286527,0.0,1.4,1.1,125.81800000000003,no_action
3.0,30.551188690144045,0.0,4.199999999999999,3.3000000000000003,130.43800000000002,no_action
1.0,39.135497653809395,0.0,1.4,1.1,125.81800000000003,no_action
3.0,29.916028093092578,0.0,6.199999999999999,6.1,136.318,no_action
2.0,41.749262221564905,0.0,2.8,2.2,128.12800000000001,no_action
3.0,47.79214168492236,0.0,4.199999999999999,3.3000000000000003,130.43800000000002,no_action
1.0,21.301475372607314,0.0,7.33675418026391,2.4970492547853724,128.7518034350493,no_action
1.0,25.72980253464343,0.0,1.4,1.1,125.81800000000003,no_action
4.0,59.87672080720803,0.5,5.6,12.4,194.54800000000003,heavy_vehicle_ban
1.0,87.50699999939702,0.0,1.4,1.1,125.81800000000003,no_action
1.0,85.00499150014961,0.0,1.4,1.1,125.81800000000003,no_action
1.0,41.07692327518322,0.0,1.4,1.1,125.81800000000003,no_action
1.0,29.987999960272106,1.0,1.4,5.1,224.21800000000002,no_action
1.0,50.00399995236476,0.0,1.4,1.1,125.81800000000003,no_action
2.0,83.54254873016596,0.0,2.8,2.2,128.12800000000001,no_action
1.0,85.0025989602734,0.0,1.4,1.1,125.81800000000003,no_action
1.0,23.436528472472812,0.0,2.6396373605598136,1.1,125.81800000000003,no_action
2.0,59.28404431862678,0.0,2.8,2.2,128.12800000000001,no_action
1.0,64.98135442775413,0.0,1.4,1.1,125.81800000000003,no_action
1.0,64.99724715951338,0.0,1.4,1.1,125.81800000000003,no_action
1.0,64.99793629099162,0.0,1.4,1.1,125.81800000000003,no_action
1.0,45.777042707253166,0.0,1.4,1.1,125.81800000000003,no_action
1.0,88.33180600531591,0.0,1.4,1.1,125.81800000000003,no_action
3.0,61.94819758408237,0.0,4.199999999999999,3.3000000000000003,130.43800000000002,no_action
1.0,74.43149176933395,0.0,1.4,1.1,125.81800000000003,no_action
1.0,9.337645413484278,0.0,33.65718009033459,26.424709173031445,178.99988926336607,no_action
1.0,47.034921666700626,0.0,1.4,1.1,125.81800000000003,no_action
1.0,35.94227750131615,0.0,1.4,1.1,125.81800000000003,no_action
1.0,23.88269145050407,0.0,1.658078808891048,1.1,125.81800000000003,no_action
2.0,54.491849507339694,0.0,2.8,2.2,128.12800000000001,no_action
1.0,74.43842180496087,0.0,1.4,1.1,125.81800000000003,no_action
1.0,50.004000000000005,0.0,3.4,3.9,131.69800000000004,no_action
3.0,51.89674802922682,0.0,4.199999999999999,3.3000000000000003,130.43800000000002,no_action
1.0,74.92645083562937,0.0,1.4,1.1,125.81800000000003,no_action
1.0,49.82540056240241,0.0,1.4,1.1,125.81800000000003,no_action
5.0,44.50730998506816,0.0,7.0,5.5,135.05800000000002,rerouting
2.0,43.96145695372107,0.0,2.8,2.2,128.12800000000001,no_action
4.0,38.89690733369748,0.0,5.6,4.4,132.74800000000002,no_action
1.0,79.31294300446207,0.0,1.4,1.1,125.81800000000003,no_action
3.0,47.767630019747585,0.0,4.199999999999999,3.3000000000000003,130.43800000000002,no_action
2.0,65.36231926259147,0.0,2.8,2.2,128.12800000000001,no_action
2.0,43.0297060318306,0.0,2.8,2.2,128.12800000000001,no_action
1.0,67.72729794238636,0.0,1.4,1.1,125.81800000000003,no_action
3.0,39.921996680447776,0.0,4.199999999999999,3.3000000000000003,130.43800000000002,no_action
2.0,47.072568558172435,0.0,2.8,2.2,128.12800000000001,no_action
1.0,8.831380845524503,0.0,34.77096213984609,27.437238308950995,181.1262004487971,no_action
1.0,48.99622618280296,0.0,1.4,1.1,125.81800000000003,no_action
1.0,41.5932236088451,0.0,1.4,1.1,125.81800000000003,no_action
1.0,40.50176039467091,0.0,1.4,1.1,125.81800000000003,no_action
1.0,49.76124231640678,0.0,1.4,1.1,125.81800000000003,no_action
3.0,42.646517054523756,0.3333333333333333,4.199999999999999,7.300000000000001,168.83800000000002,rerouting
1.0,41.35841153593378,0.0,1.4,1.1,125.81800000000003,no_action
1.0,50.003999997588075,0.0,1.4,1.1,125.81800000000003,no_action
2.0,31.6598853805851,0.0,2.8,2.2,128.12800000000001,no_action
2.0,67.26507579812936,0.0,2.8,2.2,128.12800000000001,no_action
1.0,74.97440067374596,0.0,1.4,1.1,125.81800000000003,no_action
2.0,45.6621045616186,0.0,2.8,2.2,128.12800000000001,no_action
2.0,40.85343632294111,0.0,2.8,2.2,128.12800000000001,no_action
1.0,38.30071581540031,0.0,1.4,1.1,125.81800000000003,no_action
2.0,67.1162852902608,0.0,2.8,2.2,128.12800000000001,no_action
1.0,49.44575133975812,0.0,1.4,1.1,125.81800000000003,no_action
1.0,49.97440696344478,0.0,1.4,1.1,125.81800000000003,no_action
1.0,28.752677521909987,0.0,1.4,1.1,125.81800000000003,no_action
1.0,27.51883199999706,0.0,1.4,1.1,125.81800000000003,no_action
1.0,20.61837138895258,1.0,8.839582944304327,7.863257222094843,230.02084016639918,no_action
1.0,10.016448770941878,0.0,32.163812703927874,25.067102458116246,176.14891516204415,no_action
4.0,60.28801174593254,0.0,5.6,4.4,132.74800000000002,no_action
1.0,49.99087709576395,0.0,1.4,1.1,125.81800000000003,no_action
2.0,37.41965329757229,0.0,2.8,2.2,128.12800000000001,no_action
1.0,29.98799999947633,1.0,1.4,5.1,224.21800000000002,no_action
1.0,49.12028655971888,0.0,1.4,1.1,125.81800000000003,no_action
1.0,12.476949974081993,0.0,26.750710057019617,20.146100051836015,165.81481010885565,no_action
1.0,49.713301150827746,0.0,1.4,1.1,125.81800000000003,no_action
2.0,53.30388369118019,0.0,2.8,2.2,128.12800000000001,no_action
3.0,38.8842378556934,0.0,4.199999999999999,3.3000000000000003,130.43800000000002,no_action
1.0,39.425756574909045,0.0,1.4,1.1,125.81800000000003,no_action
1.0,0.0,0.0,56.2,47.9,224.098,no_action
1.0,49.80073209219655,0.0,1.4,1.1,125.81800000000003,no_action
1.0,45.46345916890159,0.0,1.4,1.1,125.81800000000003,no_action
3.0,40.850517595752834,0.0,4.199999999999999,3.3000000000000003,130.43800000000002,no_action
1.0,45.25404412038908,0.0,1.4,1.1,125.81800000000003,no_action
1.0,49.71822815837458,0.0,1.4,1.1,125.81800000000003,no_action
1.0,43.96088812265172,0.0,1.4,1.1,125.81800000000003,no_action
1.0,49.683173353687984,0.0,1.4,1.1,125.81800000000003,no_action
1.0,75.00599999832308,0.0,1.4,1.1,125.81800000000003,no_action
2.0,59.480597734122846,0.0,2.8,2.2,128.12800000000001,no_action
1.0,64.26671071750432,0.0,1.4,1.1,125.81800000000003,no_action
2.0,39.783261421591114,0.0,2.8,2.2,128.12800000000001,no_action
2.0,49.827493539177446,0.0,2.8,2.2,128.12800000000001,no_action
1.0,74.95980001734219,0.0,1.4,1.1,125.81800000000003,no_action
3.0,30.872360473411465,0.0,4.199999999999999,3.3000000000000003,130.43800000000002,no_action
1.0,42.424948676220616,0.0,1.4,1.1,125.81800000000003,no_action
1.0,41.55332399861412,0.0,1.4,1.1,125.81800000000003,no_action
1.0,29.569950477230748,1.0,1.4,5.1,224.21800000000002,no_action
3.0,0.0,0.0,63.0,55.7,240.47800000000004,heavy_vehicle_ban
1.0,44.169989868175605,0.0,1.4,1.1,125.81800000000003,no_action
1.0,49.91041418804776,0.0,1.4,1.1,125.81800000000003,no_action
2.0,25.77004310159505,0.0,2.8,2.2,128.12800000000001,no_action
2.0,45.7247306916407,0.0,2.8,2.2,128.12800000000001,no_action
2.0,49.64081178274267,0.0,2.8,2.2,128.12800000000001,no_action
1.0,49.8212132057417,0.0,1.4,1.1,125.81800000000003,no_action
1.0,30.53062559633436,0.0,1.4,1.1,125.81800000000003,no_action
1.0,48.043427460912454,0.0,1.4,1.1,125.81800000000003,no_action
1.0,37.072313527018586,0.0,1.4,1.1,125.81800000000003,no_action
1.0,28.56983566305212,0.0,1.4,1.1,125.81800000000003,no_action
2.0,44.703832329175334,0.0,2.8,2.2,128.12800000000001,no_action
3.0,29.261551967708524,0.0,6.199999999999999,6.1,136.318,no_action
1.0,49.593919210812345,0.0,1.4,1.1,125.81800000000003,no_action
4.0,42.31898912079892,0.0,5.6,4.4,132.74800000000002,no_action
2.0,41.19128378659668,0.0,2.8,2.2,128.12800000000001,no_action
1.0,25.22708886938916,0.0,1.4,1.1,125.81800000000003,no_action
1.0,48.1520412908618,0.0,1.4,1.1,125.81800000000003,no_action
2.0,78.68687047117102,0.0,2.8,2.2,128.12800000000001,no_action
3.0,60.93605782211868,0.6666666666666666,4.199999999999999,11.3,207.23800000000003,heavy_vehicle_ban
1.0,87.50699999939054,0.0,1.4,1.1,125.81800000000003,no_action
2.0,43.12460955478164,0.0,2.8,2.2,128.12800000000001,no_action
1.0,87.81210095352357,0.0,1.4,1.1,125.81800000000003,no_action
1.0,49.72365500503238,0.0,1.4,1.1,125.81800000000003,no_action
3.0,53.15407049756615,0.0,4.199999999999999,3.3000000000000003,130.43800000000002,no_action
1.0,89.91008664029174,0.0,1.4,1.1,125.81800000000003,no_action
1.0,27.470760535657735,1.0,1.4,5.1,224.21800000000002,no_action
1.0,64.60568265862283,0.0,1.4,1.1,125.81800000000003,no_action
1.0,64.98887884609616,0.0,1.4,1.1,125.81800000000003,no_action
1.0,64.86597149715512,0.0,1.4,1.1,125.81800000000003,no_action
2.0,15.153434650034495,0.0,22.262443769924115,15.89313069993101,156.88357446985515,speed_harmonization
2.0,75.89213977209975,0.0,2.8,2.2,128.12800000000001,no_action
1.0,88.00282965061254,0.0,1.4,1.1,125.81800000000003,no_action
1.0,4.254674656600037,0.0,44.839715755479915,36.590650686799925,200.34836644227988,no_action
1.0,74.98893824954445,0.0,1.4,1.1,125.81800000000003,no_action
1.0,74.878110467809,0.0,1.4,1.1,125.81800000000003,no_action
3.0,50.4967354135906,0.0,4.199999999999999,3.3000000000000003,130.43800000000002,no_action
3.0,22.84590123498755,0.0,6.739017283027388,3.3000000000000003,130.43800000000002,no_action
1.0,27.69157023479627,1.0,1.4,5.1,224.21800000000002,no_action
2.0,49.20858889302432,0.0,2.8,2.2,128.12800000000001,no_action
1.0,80.00058026608622,0.0,1.4,1.1,125.81800000000003,no_action
3.0,34.6292083437855,0.0,4.199999999999999,3.3000000000000003,130.43800000000002,no_action
2.0,44.38856418885717,0.0,2.8,2.2,128.12800000000001,no_action
1.0,0.0,0.0,56.2,47.9,224.098,no_action
1.0,49.98883905330093,0.0,1.4,1.1,125.81800000000003,no_action
2.0,53.07383983376216,0.0,2.8,2.2,128.12800000000001,no_action
1.0,43.411823511789585,0.0,1.4,1.1,125.81800000000003,no_action
6.0,48.30120245995154,0.0,8.399999999999999,6.6000000000000005,137.36800000000002,rerouting
1.0,63.11953827597571,0.0,1.4,1.1,125.81800000000003,no_action
1.0,34.765281075430245,0.0,1.4,1.1,125.81800000000003,no_action
1.0,83.0312671157831,0.0,1.4,1.1,125.81800000000003,no_action
3.0,51.69188145627045,0.0,4.199999999999999,3.3000000000000003,130.43800000000002,no_action
3.0,38.899797394667814,0.0,4.199999999999999,3.3000000000000003,130.43800000000002,no_action
1.0,43.07928228890126,0.0,1.4,1.1,125.81800000000003,no_action
1.0,2.6227496494434797,0.0,48.42995077122434,39.85450070111304,207.20245147233743,no_action
2.0,26.780602553917564,0.5,2.8,6.2,181.52800000000002,no_action
1.0,23.088408555391492,0.0,3.4055011781387172,1.1,125.81800000000003,no_action
1.0,21.272832064039015,0.0,7.399769459114166,2.5543358719219698,128.87210533103615,no_action
1.0,49.12522925403992,0.0,1.4,1.1,125.81800000000003,no_action
2.0,48.54571241771375,0.0,2.8,2.2,128.12800000000001,no_action
1.0,50.003999997588146,0.0,1.4,1.1,125.81800000000003,no_action
2.0,59.16083634689678,0.0,2.8,2.2,128.12800000000001,no_action
1.0,74.76670062593693,0.0,1.4,1.1,125.81800000000003,no_action
2.0,59.888667023501306,0.0,2.8,2.2,128.12800000000001,no_action
1.0,23.894892537647703,0.0,1.6312364171750537,1.1,125.81800000000003,no_action
2.0,48.75273585307,0.0,2.8,2.2,128.12800000000001,no_action
3.0,43.22317548565633,0.0,4.199999999999999,3.3000000000000003,130.43800000000002,no_action
1.0,2.663240130965707,0.0,48.340871711875444,39.773519738068586,207.03239144994404,no_action
1.0,74.10168145389962,0.0,1.4,1.1,125.81800000000003,no_action
1.0,77.67680969526212,0.0,1.4,1.1,125.81800000000003,no_action
1.0,24.842908800000004,0.0,1.4,1.1,125.81800000000003,no_action
3.0,26.53387969615378,0.0,4.199999999999999,3.3000000000000003,130.43800000000002,no_action
1.0,52.80519548725034,0.0,1.4,1.1,125.81800000000003,no_action
1.0,3.9855479719896354,0.0,45.4317944616228,37.12890405602073,201.47869851764358,no_action
1.0,26.428352705188303,1.0,1.4,5.1,224.21800000000002,no_action
1.0,49.78137510206304,0.0,1.4,1.1,125.81800000000003,no_action
5.0,55.872458668250225,0.0,7.0,5.5,135.05800000000002,rerouting
2.0,44.58588061502544,0.0,2.8,2.2,128.12800000000001,no_action
2.0,39.55413357933913,0.5,2.8,6.2,181.52800000000002,heavy_vehicle_ban
1.0,44.08038689409166,0.0,1.4,1.1,125.81800000000003,no_action
2.0,26.92175243196051,0.0,2.8,2.2,128.12800000000001,no_action
1.0,45.868314380804364,0.0,1.4,1.1,125.81800000000003,no_action
2.0,59.49350593063484,0.0,2.8,2.2,128.12800000000001,no_action
1.0,39.996,0.0,3.4,3.9,131.69800000000004,no_action
2.0,37.35565327099025,0.0,2.8,2.2,128.12800000000001,no_action
1.0,44.13821850007262,0.0,1.4,1.1,125.81800000000003,no_action
2.0,23.221850946419895,0.0,6.51192791787623,5.0,134.00800000000004,no_action
1.0,39.65717685643628,0.0,1.4,1.1,125.81800000000003,no_action
1.0,46.57681510359658,0.0,1.4,1.1,125.81800000000003,no_action
1.0,45.85901872081149,0.0,1.4,1.1,125.81800000000003,no_action
2.0,44.33553929710107,0.0,2.8,2.2,128.12800000000001,no_action
1.0,46.19434403742427,0.0,1.4,1.1,125.81800000000003,no_action
1.0,0.0,0.0,56.2,47.9,224.098,no_action
1.0,75.0059995915982,0.0,1.4,1.1,125.81800000000003,no_action
1.0,64.01067822485844,0.0,1.4,1.1,125.81800000000003,no_action
1.0,53.42620657573728,0.0,1.4,1.1,125.81800000000003,no_action
1.0,29.98799999934556,1.0,1.4,5.1,224.21800000000002,no_action
1.0,35.371112399999994,0.0,1.4,1.1,125.81800000000003,no_action
1.0,44.69983324797435,0.0,1.4,1.1,125.81800000000003,no_action
1.0,38.3498784,0.0,1.4,1.1,125.81800000000003,no_action
1.0,74.86670911840574,0.0,1.4,1.1,125.81800000000003,no_action
2.0,40.48637908366439,0.0,2.8,2.2,128.12800000000001,no_action
1.0,19.8813924,0.0,10.460936720000003,5.337215200000001,134.71615192000002,no_action
1.0,38.45412274178174,0.0,1.4,1.1,125.81800000000003,no_action
3.0,50.862531951267236,0.0,4.199999999999999,3.3000000000000003,130.43800000000002,no_action
4.0,34.67208181443222,0.0,7.6,7.2,138.62800000000001,idling_restriction
1.0,44.74683324956593,0.0,1.4,1.1,125.81800000000003,no_action
3.0,35.011494151769845,0.0,4.199999999999999,3.3000000000000003,130.43800000000002,no_action
2.0,49.18759462053629,0.0,2.8,2.2,128.12800000000001,no_action
1.0,39.93418721290569,0.0,1.4,1.1,125.81800000000003,no_action
2.0,44.71202254772798,0.0,2.8,2.2,128.12800000000001,no_action
1.0,48.27883616692629,0.0,1.4,1.1,125.81800000000003,no_action
1.0,48.39171405736315,0.0,1.4,1.1,125.81800000000003,no_action
1.0,49.6144915981501,0.0,1.4,1.1,125.81800000000003,no_action
4.0,33.74805416025612,0.0,5.6,4.4,132.74800000000002,no_action
1.0,24.988025594826595,0.0,1.4,1.1,125.81800000000003,no_action
1.0,53.20760733123876,0.0,1.4,1.1,125.81800000000003,no_action
1.0,87.46169184273796,0.0,1.4,1.1,125.81800000000003,no_action
2.0,72.50392640280964,0.0,2.8,2.2,128.12800000000001,no_action
2.0,81.63232920911892,0.0,2.8,2.2,128.12800000000001,no_action
2.0,75.5303605679748,0.5,2.8,6.2,181.52800000000002,heavy_vehicle_ban
1.0,36.21319075707236,0.0,1.4,1.1,125.81800000000003,no_action
1.0,89.39955932746196,0.0,1.4,1.1,125.81800000000003,no_action
2.0,54.79330307519375,0.0,2.8,2.2,128.12800000000001,no_action
1.0,87.49309580031198,0.0,1.4,1.1,125.81800000000003,no_action
5.0,40.85971432710415,0.2,7.0,9.5,161.45800000000003,heavy_vehicle_ban
3.0,57.19384168580854,0.0,4.199999999999999,3.3000000000000003,130.43800000000002,no_action
1.0,64.99799996249932,0.0,1.4,1.1,125.81800000000003,no_action
1.0,63.82627732898441,0.0,1.4,1.1,125.81800000000003,no_action
1.0,39.95224665980308,0.0,1.4,1.1,125.81800000000003,no_action
1.0,48.88956562283106,0.0,1.4,1.1,125.81800000000003,no_action
3.0,74.71860815211726,0.0,4.199999999999999,3.3000000000000003,130.43800000000002,no_action
3.0,49.64289038535649,0.0,4.199999999999999,3.3000000000000003,130.43800000000002,no_action
1.0,38.113876783390474,0.0,1.4,1.1,125.81800000000003,no_action
2.0,66.58083595638432,0.0,2.8,2.2,128.12800000000001,no_action
2.0,57.96889576219359,0.0,2.8,2.2,128.12800000000001,no_action
1.0,37.29434276720647,0.0,1.4,1.1,125.81800000000003,no_action
2.0,7.144673485883763,0.0,39.881718331055716,31.910653028232474,190.52037135928822,idling_restriction
1.0,44.54269581836205,0.0,1.4,1.1,125.81800000000003,no_action
1.0,10.189322910690889,0.0,31.783489596480045,24.721354178618224,175.4228437750983,no_action
3.0,42.43197156225386,0.0,4.199999999999999,3.3000000000000003,130.43800000000002,no_action
1.0,74.83431446594314,0.0,1.4,1.1,125.81800000000003,no_action
1.0,56.07286195007089,0.0,1.4,1.1,125.81800000000003,no_action
2.0,53.220499299340766,0.0,2.8,2.2,128.12800000000001,no_action
2.0,42.801649449763225,0.0,2.8,2.2,128.12800000000001,no_action
2.0,49.877366631741275,0.0,2.8,2.2,128.12800000000001,no_action
1.0,0.0,0.0,56.2,47.9,224.098,no_action
1.0,50.00399605703956,0.0,1.4,1.1,125.81800000000003,no_action
1.0,49.99651904459594,0.0,1.4,1.1,125.81800000000003,no_action
4.0,46.46647201096659,0.0,5.6,4.4,132.74800000000002,no_action
1.0,23.94346965860274,0.0,1.5243667510739705,1.1,125.81800000000003,no_action
7.0,41.999911234504786,0.0,9.799999999999999,7.700000000000001,139.67800000000003,rerouting
1.0,75.00310847365401,0.0,1.4,1.1,125.81800000000003,no_action
1.0,67.87317060000001,0.0,1.4,1.1,125.81800000000003,no_action
1.0,79.95554430170165,0.0,1.4,1.1,125.81800000000003,no_action
2.0,74.40289260931355,0.0,2.8,2.2,128.12800000000001,no_action
4.0,48.53367273732373,0.0,5.6,4.4,132.74800000000002,no_action
1.0,67.17295818899083,0.0,1.4,1.1,125.81800000000003,no_action
1.0,74.24883272068236,0.0,1.4,1.1,125.81800000000003,no_action
1.0,64.10961271388,1.0,1.4,5.1,224.21800000000002,no_action
1.0,43.848507157972236,0.0,1.4,1.1,125.81800000000003,no_action
1.0,0.0,0.0,56.2,47.9,224.098,no_action
3.0,11.660068933087508,0.3333333333333333,33.34784834720748,30.779862133824984,218.1457104810325,heavy_vehicle_ban
1.0,37.93300432165267,0.0,1.4,1.1,125.81800000000003,no_action
1.0,23.48973098061718,0.0,2.522591842642208,1.1,125.81800000000003,no_action
1.0,14.270530807978254,1.0,22.804832222447843,20.558938384043493,256.68177060649134,no_action
1.0,43.564037843110825,0.0,1.4,1.1,125.81800000000003,no_action
1.0,39.83933538017367,0.0,1.4,1.1,125.81800000000003,no_action
1.0,28.7012808,0.0,1.4,1.1,125.81800000000003,no_action
1.0,0.0,0.0,56.2,47.9,224.098,no_action
1.0,42.935598260239104,0.0,1.4,1.1,125.81800000000003,no_action
2.0,54.59375702085735,0.0,2.8,2.2,128.12800000000001,no_action
2.0,63.13931348385249,0.0,2.8,2.2,128.12800000000001,no_action
1.0,7.195934216526317,1.0,38.3689447236421,34.708131566947365,286.3950762905895,no_action
1.0,12.746360996677618,0.0,26.15800580730924,19.607278006644766,164.68328381395403,no_action
5.0,37.694014338432986,0.2,7.0,9.5,161.45800000000003,rerouting
1.0,73.11082177542899,0.0,1.4,1.1,125.81800000000003,no_action
2.0,43.89458228351248,0.0,2.8,2.2,128.12800000000001,no_action
2.0,40.03530924895628,0.0,2.8,2.2,128.12800000000001,no_action
1.0,24.83506205923721,1.0,1.4,5.1,224.21800000000002,no_action
1.0,48.194552686399646,0.0,1.4,1.1,125.81800000000003,no_action
3.0,50.14794697099449,0.0,4.199999999999999,3.3000000000000003,130.43800000000002,no_action
1.0,39.32332766814054,0.0,1.4,1.1,125.81800000000003,no_action
2.0,36.079047690314496,0.5,2.8,6.2,181.52800000000002,heavy_vehicle_ban
1.0,0.0,1.0,56.2,51.9,322.49800000000005,no_action
1.0,29.96067357533562,0.0,1.4,1.1,125.81800000000003,no_action
3.0,56.41518535879248,0.0,4.199999999999999,3.3000000000000003,130.43800000000002,no_action
2.0,37.20859117968426,0.0,2.8,2.2,128.12800000000001,no_action
3.0,29.862635212284886,0.0,4.199999999999999,3.3000000000000003,130.43800000000002,no_action
1.0,74.97482260233409,0.0,1.4,1.1,125.81800000000003,no_action
5.0,8.45614086672075,0.0,45.19649009321435,38.1877182665585,203.70220835977287,speed_harmonization
1.0,46.53557687953799,0.0,1.4,1.1,125.81800000000003,no_action
1.0,13.571272566257813,0.0,24.343200354232813,17.957454867484376,161.2186552217172,no_action
1.0,46.12503181442218,0.0,1.4,1.1,125.81800000000003,no_action
1.0,0.0,0.0,56.2,47.9,224.098,no_action
1.0,40.43977393324279,0.0,1.4,1.1,125.81800000000003,no_action
1.0,59.81181433034452,0.0,1.4,1.1,125.81800000000003,no_action
2.0,29.158617270797393,0.0,2.8,2.2,128.12800000000001,no_action
4.0,44.80163111792428,0.25,5.6,8.4,163.64800000000002,heavy_vehicle_ban
2.0,38.362412142874724,0.5,2.8,6.2,181.52800000000002,rerouting
1.0,64.86461817314111,0.0,1.4,1.1,125.81800000000003,no_action
1.0,29.71581090837756,0.0,1.4,1.1,125.81800000000003,no_action
1.0,73.21313989347054,0.0,1.4,1.1,125.81800000000003,no_action
2.0,40.2435983099413,0.0,2.8,2.2,128.12800000000001,no_action
1.0,17.00829053584013,0.0,16.781760821151718,11.083418928319743,146.7831797494715,no_action
1.0,46.56858058424864,0.0,1.4,1.1,125.81800000000003,no_action
4.0,46.55093028097511,0.0,5.6,4.4,132.74800000000002,no_action
5.0,38.70120450036143,0.2,7.0,9.5,161.45800000000003,heavy_vehicle_ban
1.0,46.88137088970301,0.0,1.4,1.1,125.81800000000003,no_action
2.0,49.43562519189568,0.0,2.8,2.2,128.12800000000001,no_action
4.0,31.186023090119956,0.0,7.6,7.2,138.62800000000001,no_action
2.0,41.134571382121166,0.0,2.8,2.2,128.12800000000001,no_action
1.0,49.64943643573612,0.0,1.4,1.1,125.81800000000003,no_action
2.0,65.18895717932513,0.0,2.8,2.2,128.12800000000001,no_action
2.0,43.64520867447936,0.0,2.8,2.2,128.12800000000001,no_action
1.0,39.99586859658679,0.0,1.4,1.1,125.81800000000003,no_action
1.0,11.2084897309329,0.0,29.54132259194762,22.6830205381342,171.14234313008185,no_action
1.0,3.1396491634004406,0.0,47.29277184051903,38.82070167319912,205.03147351371817,no_action
1.0,23.237253194028998,1.0,3.0780429731362045,5.1,224.21800000000002,no_action
1.0,29.133545730965036,0.0,1.4,1.1,125.81800000000003,no_action
1.0,39.57337465514537,0.0,1.4,1.1,125.81800000000003,no_action
1.0,51.456349958175146,0.0,1.4,1.1,125.81800000000003,no_action
4.0,62.145716692604644,0.0,5.6,4.4,132.74800000000002,no_action
1.0,82.50240141977831,0.0,1.4,1.1,125.81800000000003,no_action
1.0,21.62907359999451,0.0,6.61603808001208,1.8418528000109817,127.37589088002309,no_action
2.0,49.454781568380206,0.0,2.8,2.2,128.12800000000001,no_action
2.0,46.25607768258468,0.0,2.8,2.2,128.12800000000001,no_action
2.0,83.01870362388239,0.0,2.8,2.2,128.12800000000001,no_action
1.0,87.01665945091548,0.0,1.4,1.1,125.81800000000003,no_action
6.0,40.53382098542293,0.16666666666666666,8.399999999999999,10.600000000000001,160.76800000000003,rerouting
3.0,56.78675467244432,0.0,4.199999999999999,3.3000000000000003,130.43800000000002,no_action
1.0,64.99797304451091,0.0,1.4,1.1,125.81800000000003,no_action
1.0,64.99799995720385,0.0,1.4,1.1,125.81800000000003,no_action
2.0,29.271845825839883,0.0,2.8,2.2,128.12800000000001,no_action
1.0,29.985589913081416,1.0,1.4,5.1,224.21800000000002,no_action
1.0,88.00559999975316,0.0,1.4,1.1,125.81800000000003,no_action
4.0,72.50859402755198,0.0,5.6,4.4,132.74800000000002,no_action
3.0,60.46061103555051,0.0,4.199999999999999,3.3000000000000003,130.43800000000002,no_action
2.0,44.276009708788386,0.0,2.8,2.2,128.12800000000001,no_action
1.0,74.65136206632887,0.0,1.4,1.1,125.81800000000003,no_action
3.0,62.199643552424305,0.0,4.199999999999999,3.3000000000000003,130.43800000000002,no_action
1.0,74.59063075620921,0.0,1.4,1.1,125.81800000000003,no_action
1.0,7.122056439586212,0.0,38.53147583291034,30.85588712082758,188.30536295373793,no_action
1.0,52.021045852350326,0.0,1.4,1.1,125.81800000000003,no_action
1.0,0.0,0.0,56.2,47.9,224.098,no_action
1.0,39.95797898784636,0.0,1.4,1.1,125.81800000000003,no_action
1.0,0.0,0.0,56.2,47.9,224.098,no_action
1.0,39.73392683934284,0.0,1.4,1.1,125.81800000000003,no_action
5.0,47.89427694584876,0.0,7.0,5.5,135.05800000000002,speed_harmonization
1.0,50.004000000000005,0.0,3.4,3.9,131.69800000000004,no_action
2.0,49.83133109225477,0.0,2.8,2.2,128.12800000000001,no_action
4.0,26.988197683482767,0.0,7.6,7.2,138.62800000000001,rerouting
2.0,66.18180762755746,0.0,2.8,2.2,128.12800000000001,no_action
1.0,0.0,0.0,56.2,47.9,224.098,no_action
1.0,50.003999997572485,0.0,1.4,1.1,125.81800000000003,no_action
1.0,49.99572515081361,0.0,1.4,1.1,125.81800000000003,no_action
3.0,38.436300059383925,0.0,4.199999999999999,3.3000000000000003,130.43800000000002,no_action
1.0,25.910967173092995,1.0,1.4,5.1,224.21800000000002,no_action
7.0,27.453037490780783,0.0,13.799999999999999,13.3,151.43800000000002,idling_restriction
1.0,70.06794360079735,0.0,1.4,1.1,125.81800000000003,no_action
1.0,64.09619870721525,0.0,1.4,1.1,125.81800000000003,no_action
4.0,59.87364316317284,0.0,5.6,4.4,132.74800000000002,no_action
1.0,59.45459547970184,0.0,1.4,1.1,125.81800000000003,no_action
1.0,74.95115536188054,0.0,1.4,1.1,125.81800000000003,no_action
1.0,69.75927143718754,0.0,1.4,1.1,125.81800000000003,no_action
1.0,37.81479196152616,0.0,1.4,1.1,125.81800000000003,no_action
4.0,2.427366431079056,0.25,57.059793851626075,53.145267137841884,257.61306098946795,speed_harmonization
1.0,42.98456684540262,0.0,1.4,1.1,125.81800000000003,no_action
1.0,39.93720970081859,0.0,1.4,1.1,125.81800000000003,no_action
1.0,49.98423867678324,0.0,1.4,1.1,125.81800000000003,no_action
1.0,46.51599635434892,0.0,1.4,1.1,125.81800000000003,no_action
1.0,29.917135819047854,1.0,1.4,5.1,224.21800000000002,no_action
1.0,50.44735557751132,0.0,1.4,1.1,125.81800000000003,no_action
1.0,38.48311293924199,0.0,1.4,1.1,125.81800000000003,no_action
1.0,0.0,0.0,56.2,47.9,224.098,no_action
1.0,0.0,0.0,56.2,47.9,224.098,no_action
1.0,29.123879949384403,1.0,1.4,5.1,224.21800000000002,no_action
3.0,57.181572064262475,0.0,4.199999999999999,3.3000000000000003,130.43800000000002,no_action
1.0,28.57786407815227,1.0,1.4,5.1,224.21800000000002,no_action
1.0,43.9781525759103,0.0,1.4,1.1,125.81800000000003,no_action
1.0,23.971418188108192,0.0,1.4628799861619775,1.1,125.81800000000003,no_action
4.0,43.31708806220715,0.25,5.6,8.4,163.64800000000002,heavy_vehicle_ban
1.0,9.357735863288353,0.0,33.61298110076562,26.384528273423296,178.91550937418896,no_action
1.0,75.00479401894607,0.0,1.4,1.1,125.81800000000003,no_action
2.0,9.456938212905625,0.0,36.794735931607626,30.08612357418875,186.68885950579642,speed_harmonization
1.0,6.880991713618206,0.0,39.06181823003995,31.33801657276359,189.31783480280356,no_action
1.0,24.905286536152634,0.0,1.4,1.1,125.81800000000003,no_action
2.0,38.058171927581405,0.0,2.8,2.2,128.12800000000001,no_action
1.0,22.795132196927355,0.0,4.05070916675982,1.1,125.81800000000003,no_action
1.0,49.59376442877226,0.0,1.4,1.1,125.81800000000003,no_action
1.0,66.60545633267832,0.0,1.4,1.1,125.81800000000003,no_action
1.0,63.32399999982658,1.0,1.4,5.1,224.21800000000002,no_action
1.0,30.23463901135707,0.0,1.4,1.1,125.81800000000003,no_action
1.0,49.57974260861627,0.0,1.4,1.1,125.81800000000003,no_action
1.0,17.278826826694342,0.0,16.18658098127245,10.542346346611316,145.6469273278838,no_action
1.0,38.17422112165346,0.0,1.4,1.1,125.81800000000003,no_action
1.0,27.4163904,0.0,1.4,1.1,125.81800000000003,no_action
1.0,39.97668829815474,0.0,1.4,1.1,125.81800000000003,no_action
1.0,56.54895489351982,0.0,1.4,1.1,125.81800000000003,no_action
1.0,38.499251864283586,0.0,1.4,1.1,125.81800000000003,no_action
1.0,56.64452373876164,0.0,1.4,1.1,125.81800000000003,no_action
2.0,45.381518616342355,0.0,2.8,2.2,128.12800000000001,no_action
7.0,6.453268313934709,0.0,58.40280970934364,52.79346337213059,234.37427308147426,speed_harmonization
1.0,10.154535436677424,0.0,31.86002203930967,24.790929126645153,175.56895116595484,no_action
4.0,37.95852230886778,0.0,5.6,4.4,132.74800000000002,no_action
1.0,59.154475821225,0.0,1.4,1.1,125.81800000000003,no_action
1.0,48.02810140586411,0.0,1.4,1.1,125.81800000000003,no_action
6.0,46.30705216872291,0.16666666666666666,8.399999999999999,10.600000000000001,160.76800000000003,heavy_vehicle_ban
1.0,69.84126414077983,0.0,1.4,1.1,125.81800000000003,no_action
1.0,41.20323158802111,0.0,1.4,1.1,125.81800000000003,no_action
1.0,19.667877927600813,0.0,10.930668559278212,5.764244144798374,135.61291270407662,no_action
1.0,63.45464373125016,0.0,1.4,1.1,125.81800000000003,no_action
1.0,38.7129816,0.0,1.4,1.1,125.81800000000003,no_action
1.0,0.0,0.0,56.2,47.9,224.098,no_action
1.0,43.91074654498821,0.0,1.4,1.1,125.81800000000003,no_action
1.0,28.457059390725565,1.0,1.4,5.1,224.21800000000002,no_action
2.0,27.59345766280677,0.0,2.8,2.2,128.12800000000001,no_action
1.0,43.677638993912616,0.0,1.4,1.1,125.81800000000003,no_action
1.0,46.56872519784618,0.0,1.4,1.1,125.81800000000003,no_action
3.0,37.124437220827886,0.3333333333333333,4.199999999999999,7.300000000000001,168.83800000000002,rerouting
1.0,18.188009217297605,0.0,14.18637972194527,8.72398156540479,141.82836128735008,no_action
4.0,46.62954863356516,0.0,5.6,4.4,132.74800000000002,no_action
5.0,44.56306771186616,0.2,7.0,9.5,161.45800000000003,no_action
3.0,44.708007249831546,0.0,4.199999999999999,3.3000000000000003,130.43800000000002,no_action
2.0,52.326004697248194,0.0,2.8,2.2,128.12800000000001,no_action
4.0,41.56816453839763,0.0,5.6,4.4,132.74800000000002,no_action
1.0,37.42974059359904,0.0,1.4,1.1,125.81800000000003,no_action
1.0,44.29403946859593,0.0,1.4,1.1,125.81800000000003,no_action
1.0,42.25901796005394,0.0,1.4,1.1,125.81800000000003,no_action
1.0,49.12398025433938,0.0,1.4,1.1,125.81800000000003,no_action
1.0,74.65967601299785,0.0,1.4,1.1,125.81800000000003,no_action
1.0,0.0,0.0,56.2,47.9,224.098,no_action
1.0,72.0674615908766,0.0,1.4,1.1,125.81800000000003,no_action
1.0,48.79598097563133,0.0,1.4,1.1,125.81800000000003,no_action
4.0,48.72658688488245,0.0,5.6,4.4,132.74800000000002,no_action
4.0,40.17786368159508,0.0,5.6,4.4,132.74800000000002,no_action
1.0,36.749026681071626,0.0,1.4,1.1,125.81800000000003,no_action
1.0,0.0,0.0,56.2,47.9,224.098,no_action
1.0,25.920432,0.0,1.4,1.1,125.81800000000003,no_action
2.0,57.87084769520227,0.0,2.8,2.2,128.12800000000001,no_action
1.0,39.561561629626,0.0,1.4,1.1,125.81800000000003,no_action
2.0,74.17711051751682,0.0,2.8,2.2,128.12800000000001,no_action
3.0,65.5532213419312,0.0,4.199999999999999,3.3000000000000003,130.43800000000002,no_action
1.0,87.13127899761439,0.0,1.4,1.1,125.81800000000003,no_action
1.0,87.50699999922281,0.0,1.4,1.1,125.81800000000003,no_action
1.0,48.983303864250274,0.0,1.4,1.1,125.81800000000003,no_action
1.0,89.90690768880191,0.0,1.4,1.1,125.81800000000003,no_action
1.0,36.44594418787746,0.0,1.4,1.1,125.81800000000003,no_action
4.0,42.05534873840597,0.0,5.6,4.4,132.74800000000002,no_action
1.0,50.003486631049235,0.0,1.4,1.1,125.81800000000003,no_action
2.0,79.48227068574805,0.0,2.8,2.2,128.12800000000001,no_action
1.0,87.2007627407886,0.0,1.4,1.1,125.81800000000003,no_action
2.0,44.8814183981607,0.0,2.8,2.2,128.12800000000001,no_action
1.0,64.97679877127506,0.0,1.4,1.1,125.81800000000003,no_action
2.0,59.1073393748542,0.0,2.8,2.2,128.12800000000001,no_action
2.0,55.24001662884098,0.5,2.8,6.2,181.52800000000002,heavy_vehicle_ban
3.0,43.98779236291376,0.0,4.199999999999999,3.3000000000000003,130.43800000000002,no_action
1.0,49.82638460430838,0.0,1.4,1.1,125.81800000000003,no_action
1.0,39.07618485228825,0.0,1.4,1.1,125.81800000000003,no_action
2.0,81.92941092754596,0.0,2.8,2.2,128.12800000000001,no_action
2.0,75.93012408057504,0.5,2.8,6.2,181.52800000000002,heavy_vehicle_ban
2.0,66.24047467264246,0.0,2.8,2.2,128.12800000000001,no_action
2.0,66.06899839645831,0.0,2.8,2.2,128.12800000000001,no_action
2.0,0.4064444308760887,0.0,56.70582225207261,48.18711113824782,224.70093339032047,speed_harmonization
1.0,20.30804410270157,0.0,9.522302974056549,4.483911794596862,132.92421476865343,no_action
1.0,45.2113094710848,0.0,1.4,1.1,125.81800000000003,no_action
1.0,48.23768029545328,0.0,1.4,1.1,125.81800000000003,no_action
1.0,16.65849366264722,0.0,17.551313942176115,11.783012674705558,148.2523266168817,no_action
2.0,50.46763995306229,0.0,2.8,2.2,128.12800000000001,no_action
6.0,47.234954953659106,0.0,8.399999999999999,6.6000000000000005,137.36800000000002,no_action
1.0,74.99621573053781,0.0,1.4,1.1,125.81800000000003,no_action
2.0,0.0,0.0,59.6,51.8,232.288,speed_harmonization
6.0,23.720620050829805,0.0,15.014635888174428,15.0,155.00800000000004,idling_restriction
2.0,61.79234039489342,0.0,2.8,2.2,128.12800000000001,no_action
1.0,0.0,0.0,56.2,47.9,224.098,no_action
1.0,50.003999997588146,0.0,1.4,1.1,125.81800000000003,no_action
1.0,49.99056088689209,0.0,1.4,1.1,125.81800000000003,no_action
4.0,41.71976920119734,0.0,5.6,4.4,132.74800000000002,no_action
1.0,9.865058833214743,0.0,32.49687056692757,25.369882333570516,176.78475290049812,no_action
1.0,11.381833651411087,1.0,29.15996596689561,26.336332697177827,268.8142986640735,no_action
4.0,50.038312448062506,0.0,5.6,4.4,132.74800000000002,no_action
1.0,73.95859282341557,0.0,1.4,1.1,125.81800000000003,no_action
1.0,56.465766079489846,0.0,1.4,1.1,125.81800000000003,no_action
1.0,72.00220576984744,0.0,1.4,1.1,125.81800000000003,no_action
2.0,52.56779957409061,0.0,2.8,2.2,128.12800000000001,no_action
3.0,36.8005352779252,0.0,4.199999999999999,3.3000000000000003,130.43800000000002,no_action
1.0,0.0,0.0,56.2,47.9,224.098,no_action
1.0,8.954752725153423,0.0,34.49954400466247,27.190494549693156,180.60803855435566,no_action
2.0,2.198907561243314,0.0,50.76240336526471,41.802184877513376,211.29258824277812,speed_harmonization
3.0,16.248509497882498,0.0,21.253279104658503,14.802981004235004,154.59426010889354,speed_harmonization
1.0,27.64138895153695,0.0,1.4,1.1,125.81800000000003,no_action
1.0,47.28516003182545,0.0,1.4,1.1,125.81800000000003,no_action
1.0,50.00399991894979,0.0,1.4,1.1,125.81800000000003,no_action
1.0,8.152432991806831,0.0,36.26464741802497,28.79513401638634,183.97778143441133,no_action
1.0,29.869750030108676,1.0,1.4,5.1,224.21800000000002,no_action
2.0,42.713977420536125,0.0,2.8,2.2,128.12800000000001,no_action
2.0,38.03996989990177,0.0,2.8,2.2,128.12800000000001,no_action
2.0,0.39464360076509375,0.0,56.7317840783168,48.210712798469814,224.75049687678666,idling_restriction
1.0,29.143819526948306,1.0,1.4,5.1,224.21800000000002,no_action
1.0,47.99848859302377,0.0,1.4,1.1,125.81800000000003,no_action
3.0,35.22913887615311,0.0,6.199999999999999,6.1,136.318,no_action
1.0,74.2263225859158,0.0,1.4,1.1,125.81800000000003,no_action
1.0,0.421942797701538,1.0,53.27172584505662,48.25611440459693,314.8458402496536,no_action
5.0,42.69536158685014,0.2,7.0,9.5,161.45800000000003,heavy_vehicle_ban
1.0,11.174441854423396,0.0,29.61622792026853,22.75111629115321,171.28534421142177,no_action
1.0,73.47297234802934,0.0,1.4,1.1,125.81800000000003,no_action
2.0,0.000358481230498694,0.0,59.5992113412929,51.799283037539,232.28649437883195,idling_restriction
1.0,0.0,0.0,56.2,47.9,224.098,no_action
1.0,49.007026932101326,0.0,1.4,1.1,125.81800000000003,no_action
2.0,53.900075344072164,0.0,2.8,2.2,128.12800000000001,no_action
3.0,51.46532785955236,0.3333333333333333,4.199999999999999,7.300000000000001,168.83800000000002,heavy_vehicle_ban
2.0,53.32767179221102,0.5,2.8,6.2,181.52800000000002,heavy_vehicle_ban
1.0,43.58778398764427,0.0,1.4,1.1,125.81800000000003,no_action
1.0,58.92822318513516,0.0,1.4,1.1,125.81800000000003,no_action
1.0,7.326521446034706,0.0,38.081652818723654,30.44695710793059,187.44660992665428,no_action
2.0,40.012721653493536,0.0,2.8,2.2,128.12800000000001,no_action
1.0,64.7719371899846,0.0,1.4,1.1,125.81800000000003,no_action
1.0,64.7864668934845,0.0,1.4,1.1,125.81800000000003,no_action
1.0,27.861510162318293,0.0,1.4,1.1,125.81800000000003,no_action
2.0,22.529482087172777,0.0,6.035139408219891,2.2,128.12800000000001,no_action
2.0,48.41727507541677,0.0,2.8,2.2,128.12800000000001,no_action
5.0,36.378084762820414,0.0,7.0,5.5,135.05800000000002,no_action
1.0,46.16126038293707,0.0,1.4,1.1,125.81800000000003,no_action
3.0,37.818500290209016,0.0,4.199999999999999,3.3000000000000003,130.43800000000002,no_action
1.0,5.270628916199853,0.0,42.60461638436032,34.55874216760029,196.08135855196065,no_action
5.0,43.324012140014254,0.2,7.0,9.5,161.45800000000003,heavy_vehicle_ban
1.0,39.95469010279886,0.0,1.4,1.1,125.81800000000003,no_action
1.0,49.999487478337755,0.0,1.4,1.1,125.81800000000003,no_action
1.0,49.36919924299683,0.0,1.4,1.1,125.81800000000003,no_action
1.0,36.368262,0.0,1.4,1.1,125.81800000000003,no_action
1.0,42.88728331568064,0.0,1.4,1.1,125.81800000000003,no_action
2.0,52.69287684783271,0.0,2.8,2.2,128.12800000000001,no_action
4.0,38.27889454981004,0.25,5.6,8.4,163.64800000000002,heavy_vehicle_ban
2.0,44.450670954583224,0.0,2.8,2.2,128.12800000000001,no_action
1.0,0.0,0.0,56.2,47.9,224.098,no_action
3.0,35.78567587923746,0.0,4.199999999999999,3.3000000000000003,130.43800000000002,no_action
3.0,15.139349619802204,0.0,25.69343083643515,19.821300760395594,165.13273159683078,no_action
6.0,32.761884823248614,0.0,8.399999999999999,6.6000000000000005,137.36800000000002,speed_harmonization
4.0,21.10974087082882,0.25,11.958570084176598,10.180518258342362,167.38708834251898,heavy_vehicle_ban
1.0,44.020656533165806,0.0,1.4,1.1,125.81800000000003,no_action
4.0,40.44752739696391,0.0,5.6,4.4,132.74800000000002,no_action
5.0,28.662325511323065,0.0,11.0,11.1,146.818,idling_restriction
1.0,17.945393955637584,0.0,14.720133297597316,9.209212088724831,142.84734538632216,no_action
1.0,48.297210657741964,0.0,1.4,1.1,125.81800000000003,no_action
1.0,47.62071825589481,0.0,1.4,1.1,125.81800000000003,no_action
1.0,9.351817109200837,0.0,33.62600235975816,26.396365781598327,178.94036814135652,no_action
4.0,46.874250280908115,0.0,5.6,4.4,132.74800000000002,no_action
3.0,42.497659178970906,0.0,4.199999999999999,3.3000000000000003,130.43800000000002,no_action
2.0,33.11871684611305,0.0,2.8,2.2,128.12800000000001,no_action
1.0,0.0,0.0,56.2,47.9,224.098,no_action
3.0,18.33083495317934,0.0,16.672163103005452,10.638330093641319,145.84849319664679,no_action
2.0,74.94346784397547,0.0,2.8,2.2,128.12800000000001,no_action
3.0,72.85006514258579,0.0,4.199999999999999,3.3000000000000003,130.43800000000002,no_action
1.0,1.4797732605950071,0.0,50.94449882669099,42.14045347880999,212.002952305501,no_action
1.0,87.14475642254375,0.0,1.4,1.1,125.81800000000003,no_action
1.0,43.98454013611747,0.0,1.4,1.1,125.81800000000003,no_action
2.0,42.61540359232903,0.0,2.8,2.2,128.12800000000001,no_action
1.0,50.003999995546714,0.0,1.4,1.1,125.81800000000003,no_action
1.0,49.96623262337592,0.0,1.4,1.1,125.81800000000003,no_action
3.0,73.96265422429576,0.0,4.199999999999999,3.3000000000000003,130.43800000000002,no_action
2.0,48.418337532386616,0.0,2.8,2.2,128.12800000000001,no_action
4.0,51.537916776800145,0.25,5.6,8.4,163.64800000000002,rerouting
2.0,44.70068935357683,0.0,2.8,2.2,128.12800000000001,no_action
2.0,36.74976944551268,0.0,2.8,2.2,128.12800000000001,no_action
1.0,48.75541264890938,0.0,1.4,1.1,125.81800000000003,no_action
1.0,87.04350018082616,0.0,1.4,1.1,125.81800000000003,no_action
3.0,75.66051208010623,0.3333333333333333,4.199999999999999,7.300000000000001,168.83800000000002,no_action
1.0,72.8357260235478,0.0,1.4,1.1,125.81800000000003,no_action
1.0,75.00599869549379,0.0,1.4,1.1,125.81800000000003,no_action
3.0,64.39694742038274,0.0,4.199999999999999,3.3000000000000003,130.43800000000002,no_action
5.0,32.980945731183674,0.0,7.0,5.5,135.05800000000002,no_action
1.0,39.11468428193737,0.0,1.4,1.1,125.81800000000003,no_action
2.0,31.01060709052937,0.0,2.8,2.2,128.12800000000001,no_action
2.0,18.712156439730762,0.0,14.433255832592323,8.775687120538475,141.93694295313082,no_action
3.0,0.15504064688393535,0.0,60.65891057685535,52.589918706232126,233.94682928308748,speed_harmonization
2.0,40.19088236558792,0.0,2.8,2.2,128.12800000000001,no_action
1.0,49.447066359951954,0.0,1.4,1.1,125.81800000000003,no_action
1.0,47.47757950320068,0.0,1.4,1.1,125.81800000000003,no_action
1.0,43.60449003020765,0.0,1.4,1.1,125.81800000000003,no_action
6.0,46.27158184865138,0.0,8.399999999999999,6.6000000000000005,137.36800000000002,no_action
1.0,50.004000000000005,0.0,3.4,3.9,131.69800000000004,no_action
2.0,69.87890839744244,0.0,2.8,2.2,128.12800000000001,no_action
7.0,6.374681959923222,0.14285714285714285,56.57569968816891,54.150636080153554,250.08147862546534,speed_harmonization
2.0,49.757063275496996,0.0,2.8,2.2,128.12800000000001,no_action
1.0,50.003999997588146,0.0,1.4,1.1,125.81800000000003,no_action
1.0,49.98673945042658,0.0,1.4,1.1,125.81800000000003,no_action
2.0,42.64142169472763,0.0,2.8,2.2,128.12800000000001,no_action
3.0,53.40179021366938,0.0,4.199999999999999,3.3000000000000003,130.43800000000002,no_action
1.0,74.66542025017749,0.0,1.4,1.1,125.81800000000003,no_action
1.0,24.501234667280144,0.0,1.4,1.1,125.81800000000003,no_action
1.0,81.91482986035211,0.0,1.4,1.1,125.81800000000003,no_action
4.0,45.83899708893873,0.25,5.6,8.4,163.64800000000002,heavy_vehicle_ban
1.0,73.7393467986403,0.0,1.4,1.1,125.81800000000003,no_action
1.0,63.61783455930115,0.0,1.4,1.1,125.81800000000003,no_action
1.0,80.00772478274544,0.0,1.4,1.1,125.81800000000003,no_action
2.0,42.619276905649855,0.0,2.8,2.2,128.12800000000001,no_action
1.0,48.652144591739386,0.0,1.4,1.1,125.81800000000003,no_action
1.0,24.496325186635243,1.0,1.4,5.1,224.21800000000002,no_action
1.0,25.05732079657198,0.0,1.4,1.1,125.81800000000003,no_action
1.0,31.457363928540325,0.0,1.4,1.1,125.81800000000003,no_action
2.0,0.0,0.0,59.6,51.8,232.288,speed_harmonization
3.0,0.0012563691668886574,0.0,62.99723598783285,55.697487261666225,240.4727232494991,heavy_vehicle_ban
1.0,40.58857692103801,0.0,1.4,1.1,125.81800000000003,no_action
1.0,48.56848713993813,0.0,1.4,1.1,125.81800000000003,no_action
1.0,47.02059235361865,0.0,1.4,1.1,125.81800000000003,no_action
1.0,29.40220523252612,1.0,1.4,5.1,224.21800000000002,no_action
1.0,47.84699626730315,0.0,1.4,1.1,125.81800000000003,no_action
2.0,51.727877525078334,0.0,2.8,2.2,128.12800000000001,no_action
1.0,37.91635108415308,0.0,1.4,1.1,125.81800000000003,no_action
2.0,28.7232926709158,0.5,2.8,6.2,181.52800000000002,heavy_vehicle_ban
1.0,8.331977437299507,0.0,35.86964963794109,28.436045125400987,183.2236947633421,no_action
1.0,9.357479171597626,0.0,33.61354582248522,26.38504165680475,178.91658747929,no_action
1.0,34.783299984580864,0.0,1.4,1.1,125.81800000000003,no_action
1.0,49.93098599884753,0.0,1.4,1.1,125.81800000000003,no_action
5.0,40.79313968417897,0.2,7.0,9.5,161.45800000000003,heavy_vehicle_ban
1.0,45.02239428802541,0.0,1.4,1.1,125.81800000000003,no_action
1.0,35.27589145230706,0.0,1.4,1.1,125.81800000000003,no_action
1.0,32.730598143945464,0.0,1.4,1.1,125.81800000000003,no_action
1.0,23.629903351800852,0.0,2.214212626038125,1.1,125.81800000000003,no_action
1.0,0.0,1.0,56.2,51.9,322.49800000000005,no_action
1.0,26.698202810657644,0.0,1.4,1.1,125.81800000000003,no_action
1.0,41.14161999995451,0.0,1.4,1.1,125.81800000000003,no_action
3.0,42.55010041537848,0.0,4.199999999999999,3.3000000000000003,130.43800000000002,no_action
3.0,36.60131203168375,0.3333333333333333,4.199999999999999,7.300000000000001,168.83800000000002,heavy_vehicle_ban
1.0,63.323915281180575,1.0,1.4,5.1,224.21800000000002,no_action
2.0,48.30884945915283,0.0,2.8,2.2,128.12800000000001,no_action
2.0,0.8401662444569574,0.0,55.7516342621947,47.31966751108609,222.87930177328082,idling_restriction
1.0,58.74241455236591,0.0,1.4,1.1,125.81800000000003,no_action
1.0,47.000329988942916,0.0,1.4,1.1,125.81800000000003,no_action
3.0,45.25253408208243,0.0,4.199999999999999,3.3000000000000003,130.43800000000002,no_action
3.0,40.88310894745887,0.0,4.199999999999999,3.3000000000000003,130.43800000000002,no_action
1.0,64.59544481301769,0.0,1.4,1.1,125.81800000000003,no_action
3.0,52.70027443413504,0.0,4.199999999999999,3.3000000000000003,130.43800000000002,no_action
3.0,37.61882698710744,0.0,4.199999999999999,3.3000000000000003,130.43800000000002,no_action
1.0,38.11088244560401,0.0,1.4,1.1,125.81800000000003,no_action
4.0,0.25039177769238646,0.0,63.84913808907676,56.299216444615226,241.736354533692,speed_harmonization
2.0,47.56325407887308,0.0,2.8,2.2,128.12800000000001,no_action
4.0,30.12566821581364,0.0,5.6,4.4,132.74800000000002,no_action
2.0,45.63166237486191,0.0,2.8,2.2,128.12800000000001,no_action
1.0,0.0,0.0,56.2,47.9,224.098,no_action
1.0,49.479152162752634,0.0,1.4,1.1,125.81800000000003,no_action
1.0,59.345102933690214,0.0,1.4,1.1,125.81800000000003,no_action
2.0,45.79091794022517,0.0,2.8,2.2,128.12800000000001,no_action
1.0,49.05789247418555,1.0,1.4,5.1,224.21800000000002,no_action
1.0,64.91019739362365,0.0,1.4,1.1,125.81800000000003,no_action
1.0,40.31578671158058,0.0,1.4,1.1,125.81800000000003,no_action
1.0,60.01177710149787,0.0,1.4,1.1,125.81800000000003,no_action
4.0,32.35275548897279,0.25,5.6,8.4,163.64800000000002,heavy_vehicle_ban
1.0,74.53343046159333,0.0,1.4,1.1,125.81800000000003,no_action
2.0,40.20651067893876,0.0,2.8,2.2,128.12800000000001,no_action
1.0,49.99747607242489,0.0,1.4,1.1,125.81800000000003,no_action
1.0,39.88628593317311,0.0,1.4,1.1,125.81800000000003,no_action
2.0,25.176607020946516,0.0,2.8,2.2,128.12800000000001,no_action
4.0,1.321674070061406,0.0,61.492317045864915,54.156651859877186,237.23696890574212,idling_restriction
5.0,46.624677586353236,0.0,7.0,5.5,135.05800000000002,no_action
2.0,29.854425147165454,0.5,2.8,6.2,181.52800000000002,no_action
3.0,44.782841426727416,0.0,4.199999999999999,3.3000000000000003,130.43800000000002,no_action
1.0,49.16579280511116,0.0,1.4,1.1,125.81800000000003,no_action
8.0,23.333110445811307,0.0,18.667157019215125,17.2,159.62800000000001,speed_harmonization
1.0,36.1911564,0.0,1.4,1.1,125.81800000000003,no_action
2.0,29.941250381138392,0.5,2.8,6.2,181.52800000000002,no_action
1.0,31.797826758674525,0.0,1.4,1.1,125.81800000000003,no_action
1.0,50.00350273891098,0.0,1.4,1.1,125.81800000000003,no_action
1.0,74.56566052213535,0.0,1.4,1.1,125.81800000000003,no_action
1.0,11.90481220368229,0.0,28.00941315189896,21.29037559263542,168.2177887445344,no_action
1.0,73.214886047954,0.0,1.4,1.1,125.81800000000003,no_action
2.0,48.53324416179259,0.0,2.8,2.2,128.12800000000001,no_action
3.0,47.95133595780147,0.0,4.199999999999999,3.3000000000000003,130.43800000000002,no_action
1.0,41.52514014586167,0.0,1.4,1.1,125.81800000000003,no_action
1.0,22.720780800000004,0.0,4.214282239999992,1.1,125.81800000000003,no_action
1.0,49.965339305095405,0.0,1.4,1.1,125.81800000000003,no_action
3.0,68.9726352347724,0.0,4.199999999999999,3.3000000000000003,130.43800000000002,no_action
1.0,87.31103479247656,0.0,1.4,1.1,125.81800000000003,no_action
7.0,53.23201086508822,0.14285714285714285,9.799999999999999,11.700000000000001,160.9351428571429,heavy_vehicle_ban
1.0,84.98911828957164,0.0,1.4,1.1,125.81800000000003,no_action
2.0,71.56810271180285,0.0,2.8,2.2,128.12800000000001,no_action
1.0,86.00375882084141,1.0,1.4,5.1,224.21800000000002,no_action
1.0,50.00399984719639,0.0,1.4,1.1,125.81800000000003,no_action
2.0,79.83855123749122,0.0,2.8,2.2,128.12800000000001,no_action
1.0,84.99115398036825,0.0,1.4,1.1,125.81800000000003,no_action
1.0,64.69051938690757,0.0,1.4,1.1,125.81800000000003,no_action
6.0,37.06937699025943,0.3333333333333333,8.399999999999999,14.600000000000001,184.16800000000003,heavy_vehicle_ban
1.0,63.98647870569988,0.0,1.4,1.1,125.81800000000003,no_action
2.0,59.29009018867967,0.0,2.8,2.2,128.12800000000001,no_action
1.0,16.359731154776625,0.0,18.208591459491423,12.380537690446749,149.5071291499382,no_action
1.0,39.92365136561647,0.0,1.4,1.1,125.81800000000003,no_action
1.0,87.31824756552243,0.0,1.4,1.1,125.81800000000003,no_action
3.0,78.16643599820367,0.0,4.199999999999999,3.3000000000000003,130.43800000000002,no_action
1.0,69.11731079990102,0.0,1.4,1.1,125.81800000000003,no_action
4.0,60.757944794268816,0.0,5.6,4.4,132.74800000000002,no_action
5.0,47.68962182400861,0.0,7.0,5.5,135.05800000000002,no_action
3.0,2.752900317533313,0.0,54.94361930142671,47.39419936493337,223.03581866636011,speed_harmonization
1.0,47.535799246380165,0.0,1.4,1.1,125.81800000000003,no_action
2.0,40.13444311746547,0.0,2.8,2.2,128.12800000000001,no_action
1.0,38.29872090269559,0.0,1.4,1.1,125.81800000000003,no_action
1.0,6.038752439632314,0.0,40.91474463280891,33.02249512073537,192.8552397535443,no_action
7.0,48.26383739853332,0.0,9.799999999999999,7.700000000000001,139.67800000000003,no_action
1.0,42.39870543006439,0.0,1.4,1.1,125.81800000000003,no_action
1.0,50.004000000000005,0.0,3.4,3.9,131.69800000000004,no_action
2.0,42.770356040819216,0.5,2.8,6.2,181.52800000000002,heavy_vehicle_ban
4.0,47.876111520654106,0.0,5.6,4.4,132.74800000000002,no_action
1.0,50.003999997588146,0.0,1.4,1.1,125.81800000000003,no_action
3.0,43.95172887357181,0.0,4.199999999999999,3.3000000000000003,130.43800000000002,no_action
1.0,47.38504763392666,0.0,1.4,1.1,125.81800000000003,no_action
4.0,42.347773134651135,0.0,5.6,4.4,132.74800000000002,no_action
3.0,37.811793221145756,0.0,4.199999999999999,3.3000000000000003,130.43800000000002,no_action
3.0,26.861961023821216,0.0,4.199999999999999,3.3000000000000003,130.43800000000002,no_action
1.0,79.61490928965387,0.0,1.4,1.1,125.81800000000003,no_action
1.0,0.09053645291656412,0.0,56.00081980358356,47.71892709416687,223.71774689775046,no_action
1.0,83.3399933296428,0.0,1.4,1.1,125.81800000000003,no_action
4.0,45.31124439165386,0.0,5.6,4.4,132.74800000000002,no_action
1.0,64.87356328182828,0.0,1.4,1.1,125.81800000000003,no_action
1.0,75.0058767497016,0.0,1.4,1.1,125.81800000000003,no_action
1.0,72.8977110162855,0.0,1.4,1.1,125.81800000000003,no_action
1.0,53.42566987994029,0.0,1.4,1.1,125.81800000000003,no_action
1.0,48.15394308382794,0.0,1.4,1.1,125.81800000000003,no_action
2.0,29.9385183380757,0.5,2.8,6.2,181.52800000000002,heavy_vehicle_ban
1.0,23.729564901711495,0.0,1.9949572162347118,1.1,125.81800000000003,no_action
2.0,0.0,0.0,59.6,51.8,232.288,idling_restriction
3.0,0.0,0.0,63.0,55.7,240.47800000000004,idling_restriction
1.0,18.622522162714773,0.0,13.2304512420275,7.854955674570453,140.00340691659798,no_action
1.0,0.0,0.0,56.2,47.9,224.098,no_action
1.0,0.0,0.0,56.2,47.9,224.098,no_action
1.0,48.985349122077466,0.0,1.4,1.1,125.81800000000003,no_action
1.0,53.63927757501724,0.0,1.4,1.1,125.81800000000003,no_action
2.0,29.016734775906894,0.0,2.8,2.2,128.12800000000001,no_action
1.0,47.85866666212485,0.0,1.4,1.1,125.81800000000003,no_action
1.0,39.11478487847495,0.0,1.4,1.1,125.81800000000003,no_action
1.0,49.98132813293469,0.0,1.4,1.1,125.81800000000003,no_action
1.0,19.82110321515589,0.0,10.593572926657043,5.457793569688219,134.9693664963453,no_action
1.0,26.5331526576592,0.0,1.4,1.1,125.81800000000003,no_action
1.0,24.020946,0.0,1.4,1.1,125.81800000000003,no_action
1.0,22.495108629363948,0.0,4.710761015399315,1.1,125.81800000000003,no_action
4.0,38.07444171700746,0.25,5.6,8.4,163.64800000000002,no_action
2.0,48.02004990355115,0.0,2.8,2.2,128.12800000000001,no_action
1.0,44.136988291937016,0.0,1.4,1.1,125.81800000000003,no_action
1.0,18.774980151857637,0.0,12.8950436659132,7.550039696284726,139.36308336219795,no_action
1.0,32.4669427524973,0.0,1.4,1.1,125.81800000000003,no_action
1.0,23.84489373889496,0.0,1.7412337744310875,1.1,125.81800000000003,no_action
1.0,0.0,1.0,56.2,51.9,322.49800000000005,no_action
1.0,37.419673947576676,0.0,1.4,1.1,125.81800000000003,no_action
2.0,45.56793264676487,0.0,2.8,2.2,128.12800000000001,no_action
3.0,52.328570350184286,0.3333333333333333,4.199999999999999,7.300000000000001,168.83800000000002,heavy_vehicle_ban
1.0,48.881429231933545,0.0,1.4,1.1,125.81800000000003,no_action
4.0,44.18473672211354,0.0,5.6,4.4,132.74800000000002,no_action
2.0,0.0,0.0,59.6,51.8,232.288,speed_harmonization
1.0,47.02268677390678,0.0,1.4,1.1,125.81800000000003,no_action
1.0,1.8761772234735137,0.0,50.07241010835828,41.34764555305298,210.33805566141126,no_action
3.0,46.444763161332006,0.0,4.199999999999999,3.3000000000000003,130.43800000000002,no_action
4.0,38.627036671721655,0.0,5.6,4.4,132.74800000000002,no_action
2.0,27.820157686626136,0.0,2.8,2.2,128.12800000000001,no_action
2.0,47.98869332838992,0.0,2.8,2.2,128.12800000000001,no_action
2.0,15.993034945266258,0.0,20.415323120414236,14.213930109467483,153.35725322988174,no_action
2.0,16.64929150269236,0.0,18.97155869407681,12.901416994615278,150.6009756886921,no_action
3.0,16.51401640495775,0.0,20.669163909092948,14.2719671900845,153.47913109917747,no_action
3.0,39.488548073330044,0.0,4.199999999999999,3.3000000000000003,130.43800000000002,no_action
2.0,45.4935902849881,0.0,2.8,2.2,128.12800000000001,no_action
2.0,9.332714480617236,0.0,37.06802814264208,30.334571038765528,187.21059918140764,speed_harmonization
2.0,48.301151274624324,0.0,2.8,2.2,128.12800000000001,no_action
1.0,68.8116902861132,0.0,1.4,1.1,125.81800000000003,no_action
2.0,30.127107385720986,0.0,2.8,2.2,128.12800000000001,no_action
1.0,20.5800624,0.0,8.923862720000002,3.9398752000000017,131.78173792000004,no_action
2.0,39.34744858855372,0.5,2.8,6.2,181.52800000000002,heavy_vehicle_ban
2.0,62.958791129327274,0.0,2.8,2.2,128.12800000000001,no_action
1.0,29.10349161490545,0.0,1.4,1.1,125.81800000000003,no_action
2.0,9.68488520707742,0.5,36.29325254442968,33.63022958584516,239.13148213027486,speed_harmonization
1.0,49.464225779650974,0.0,1.4,1.1,125.81800000000003,no_action
1.0,60.01199999566974,0.0,1.4,1.1,125.81800000000003,no_action
4.0,31.805849017174964,0.25,5.6,8.4,163.64800000000002,heavy_vehicle_ban
1.0,74.97224497502451,0.0,1.4,1.1,125.81800000000003,no_action
1.0,40.90017954814351,0.0,1.4,1.1,125.81800000000003,no_action
1.0,49.03288989929499,0.0,1.4,1.1,125.81800000000003,no_action
1.0,31.987593219129117,0.0,1.4,1.1,125.81800000000003,no_action
6.0,0.009801808492859335,0.0,73.17843602131572,67.38039638301427,265.00683240433,idling_restriction
1.0,23.017213246988412,0.0,3.562130856625494,1.1,125.81800000000003,no_action
1.0,44.36991863845608,0.0,1.4,1.1,125.81800000000003,no_action
3.0,49.37553499613602,0.0,4.199999999999999,3.3000000000000003,130.43800000000002,no_action
2.0,27.42035748038465,0.5,2.8,6.2,181.52800000000002,rerouting
3.0,42.070380128615795,0.0,4.199999999999999,3.3000000000000003,130.43800000000002,no_action
3.0,41.00335068074618,0.0,4.199999999999999,3.3000000000000003,130.43800000000002,no_action
5.0,29.383868772206366,0.0,7.0,5.5,135.05800000000002,no_action
1.0,27.35960881775501,1.0,1.4,5.1,224.21800000000002,no_action
4.0,35.93126398951395,0.0,5.6,4.4,132.74800000000002,no_action
3.0,48.86621489084596,0.0,4.199999999999999,3.3000000000000003,130.43800000000002,no_action
3.0,43.17926871862303,0.0,4.199999999999999,3.3000000000000003,130.43800000000002,no_action
1.0,24.991537481414834,0.0,1.4,1.1,125.81800000000003,no_action
1.0,35.17591591294135,0.0,1.4,1.1,125.81800000000003,no_action
1.0,45.94507745922882,0.0,1.4,1.1,125.81800000000003,no_action
1.0,13.2324997978962,0.0,25.088500444628362,18.635000404207602,162.641500848836,no_action
1.0,20.67882552664776,0.0,8.706583841374929,3.7423489467044804,131.36693278807942,no_action
1.0,45.43464176498251,0.0,1.4,1.1,125.81800000000003,no_action
2.0,48.682528703882895,0.0,2.8,2.2,128.12800000000001,no_action
1.0,86.72811279376171,0.0,1.4,1.1,125.81800000000003,no_action
1.0,87.50503363695105,0.0,1.4,1.1,125.81800000000003,no_action
6.0,54.85824823798118,0.16666666666666666,8.399999999999999,10.600000000000001,160.76800000000003,no_action
1.0,87.50657963656168,0.0,1.4,1.1,125.81800000000003,no_action
3.0,71.84743777240885,0.0,4.199999999999999,3.3000000000000003,130.43800000000002,no_action
1.0,30.323661213844726,0.0,1.4,1.1,125.81800000000003,no_action
1.0,50.00399999750859,0.0,1.4,1.1,125.81800000000003,no_action
1.0,50.00399999758756,0.0,1.4,1.1,125.81800000000003,no_action
2.0,82.20342176191801,0.0,2.8,2.2,128.12800000000001,no_action
2.0,59.62134941406671,0.0,2.8,2.2,128.12800000000001,no_action
6.0,42.60401153728381,0.3333333333333333,8.399999999999999,14.600000000000001,184.16800000000003,rerouting
1.0,64.99786088433072,0.0,1.4,1.1,125.81800000000003,no_action
1.0,59.9371713668543,0.0,1.4,1.1,125.81800000000003,no_action
1.0,38.27291273538333,0.0,1.4,1.1,125.81800000000003,no_action
3.0,72.81424194641261,0.3333333333333333,4.199999999999999,7.300000000000001,168.83800000000002,heavy_vehicle_ban
4.0,72.54139932565987,0.0,5.6,4.4,132.74800000000002,no_action
1.0,70.87848951935152,0.0,1.4,1.1,125.81800000000003,no_action
1.0,46.923934359609966,0.0,1.4,1.1,125.81800000000003,no_action
1.0,74.13349940645146,0.0,1.4,1.1,125.81800000000003,no_action
1.0,69.9897929528906,0.0,1.4,1.1,125.81800000000003,no_action
1.0,73.92278587533572,0.0,1.4,1.1,125.81800000000003,no_action
5.0,46.87915965167413,0.0,7.0,5.5,135.05800000000002,no_action
1.0,18.654918170931822,0.0,13.159180023949993,7.790163658136356,139.86734368208636,no_action
1.0,43.017037156138144,0.0,1.4,1.1,125.81800000000003,no_action
1.0,48.223553356712586,0.0,1.4,1.1,125.81800000000003,no_action
1.0,27.22870101719984,0.0,1.4,1.1,125.81800000000003,no_action
1.0,46.98346916227003,0.0,1.4,1.1,125.81800000000003,no_action
6.0,46.805461227956755,0.0,8.399999999999999,6.6000000000000005,137.36800000000002,no_action
1.0,70.00199999930246,0.0,1.4,1.1,125.81800000000003,no_action
1.0,63.932579405795465,0.0,1.4,1.1,125.81800000000003,no_action
4.0,52.02287760502376,0.0,5.6,4.4,132.74800000000002,no_action
1.0,50.003999997588146,0.0,1.4,1.1,125.81800000000003,no_action
4.0,40.54587477090594,0.0,5.6,4.4,132.74800000000002,no_action
1.0,43.592233355119994,0.0,1.4,1.1,125.81800000000003,no_action
1.0,17.715691223269484,0.0,15.225479308807136,9.668617553461031,143.8120968622682,no_action
2.0,66.27041834721413,0.0,2.8,2.2,128.12800000000001,no_action
2.0,44.98298296639127,0.0,2.8,2.2,128.12800000000001,no_action
1.0,69.70832233050977,0.0,1.4,1.1,125.81800000000003,no_action
1.0,8.785823442118541,0.0,34.87118842733921,27.52835311576292,181.31754154310215,no_action
1.0,52.35942268508998,0.0,1.4,1.1,125.81800000000003,no_action
1.0,74.91719214688912,0.0,1.4,1.1,125.81800000000003,no_action
2.0,68.60913357056378,0.0,2.8,2.2,128.12800000000001,no_action
1.0,64.20754360845963,0.0,1.4,1.1,125.81800000000003,no_action
1.0,3.2309687861021708,0.0,47.091868670575224,38.63806242779566,204.64793109837092,no_action
1.0,38.08533233997271,0.0,1.4,1.1,125.81800000000003,no_action
1.0,34.91667981180982,0.0,1.4,1.1,125.81800000000003,no_action
2.0,24.13063746787482,0.0,2.8,2.2,128.12800000000001,no_action
1.0,0.0,0.0,56.2,47.9,224.098,no_action
5.0,3.070207007888668,0.0,59.04554458264493,51.75958598422266,232.20313056686763,speed_harmonization
1.0,16.13259740218015,0.0,18.708285715203672,12.834805195639701,150.46109091084338,no_action
1.0,26.02333424364129,0.0,1.4,1.1,125.81800000000003,no_action
1.0,47.96450804321814,0.0,1.4,1.1,125.81800000000003,no_action
2.0,44.090672898948526,0.0,2.8,2.2,128.12800000000001,no_action
2.0,39.58996495441386,0.0,2.8,2.2,128.12800000000001,no_action
1.0,39.995259511392995,0.0,1.4,1.1,125.81800000000003,no_action
1.0,50.003999907357844,0.0,1.4,1.1,125.81800000000003,no_action
1.0,10.349573820480842,0.0,31.430937594942147,24.400852359038318,174.7497899539805,no_action
1.0,31.045147276991436,0.0,1.4,1.1,125.81800000000003,no_action
4.0,34.40905110380766,0.25,5.6,8.4,163.64800000000002,no_action
1.0,46.33959925156348,0.0,1.4,1.1,125.81800000000003,no_action
1.0,24.758429034242532,0.0,1.4,1.1,125.81800000000003,no_action
1.0,39.399642243271764,0.0,1.4,1.1,125.81800000000003,no_action
5.0,37.84476938117564,0.2,7.0,9.5,161.45800000000003,heavy_vehicle_ban
2.0,64.4577969511853,0.0,2.8,2.2,128.12800000000001,no_action
1.0,49.3342568328631,0.0,1.4,1.1,125.81800000000003,no_action
1.0,23.64380427680415,1.0,2.1836305910308687,5.1,224.21800000000002,no_action
1.0,45.32861163491843,0.0,1.4,1.1,125.81800000000003,no_action
1.0,12.044820507882319,0.0,27.7013948826589,21.010358984235364,167.6297538668943,no_action
1.0,0.0,1.0,56.2,51.9,322.49800000000005,no_action
1.0,37.059085440556544,0.0,1.4,1.1,125.81800000000003,no_action
1.0,22.12942801795955,0.0,5.515258360488987,1.1,125.81800000000003,no_action
4.0,41.7391776964449,0.0,5.6,4.4,132.74800000000002,no_action
1.0,63.56300945934741,0.0,1.4,1.1,125.81800000000003,no_action
1.0,49.23168258134866,0.0,1.4,1.1,125.81800000000003,no_action
3.0,22.282746438773653,0.0,7.977957834697962,3.3000000000000003,130.43800000000002,no_action
2.0,0.11685175470080596,0.0,59.342926139658225,51.56629649059838,231.7972226302566,idling_restriction
5.0,39.92968432356363,0.0,7.0,5.5,135.05800000000002,no_action
3.0,29.20930277180942,0.0,6.199999999999999,6.1,136.318,no_action
2.0,40.43963001262162,0.0,2.8,2.2,128.12800000000001,no_action
2.0,47.682875352436696,0.0,2.8,2.2,128.12800000000001,no_action
2.0,30.947194730308755,0.0,2.8,2.2,128.12800000000001,no_action
2.0,0.0008010508425586937,0.0,59.59823768814638,51.79839789831488,232.28463558646126,idling_restriction
3.0,37.792536798672586,0.0,4.199999999999999,3.3000000000000003,130.43800000000002,no_action
2.0,50.43061574346146,0.0,2.8,2.2,128.12800000000001,no_action
3.0,46.58466676129276,0.0,4.199999999999999,3.3000000000000003,130.43800000000002,no_action
1.0,64.98305510906974,0.0,1.4,1.1,125.81800000000003,no_action
1.0,64.99794830768961,0.0,1.4,1.1,125.81800000000003,no_action
2.0,48.064342582014405,0.0,2.8,2.2,128.12800000000001,no_action
1.0,19.761589405839707,0.0,10.724503307152645,5.576821188320585,135.21932449547324,no_action
4.0,42.092526515852846,0.25,5.6,8.4,163.64800000000002,heavy_vehicle_ban
2.0,48.11823772458403,0.0,2.8,2.2,128.12800000000001,no_action
2.0,4.3805118507653305,0.5,47.96287392831627,44.23897629846934,261.40985022678564,speed_harmonization
1.0,65.8083026672239,0.0,1.4,1.1,125.81800000000003,no_action
4.0,35.20674003972047,0.0,5.6,4.4,132.74800000000002,no_action
2.0,66.59922794213549,0.0,2.8,2.2,128.12800000000001,no_action
1.0,0.0,0.0,56.2,47.9,224.098,no_action
1.0,27.006490433809944,0.0,1.4,1.1,125.81800000000003,no_action
3.0,16.27715363658861,0.0,21.190261999505054,14.745692726822778,154.47395472632786,no_action
7.0,38.43589314448807,0.0,9.799999999999999,7.700000000000001,139.67800000000003,speed_harmonization
4.0,22.625517706920334,0.25,12.623861044775264,14.0,175.40800000000002,heavy_vehicle_ban
1.0,25.974000000000004,0.0,1.4,1.1,125.81800000000003,no_action
3.0,40.71062836611226,0.0,4.199999999999999,3.3000000000000003,130.43800000000002,no_action
6.0,23.891600689966772,0.0,10.6384784820731,9.4,143.24800000000002,idling_restriction
1.0,26.296126205853447,0.0,1.4,1.1,125.81800000000003,no_action
1.0,39.37044247224202,0.0,1.4,1.1,125.81800000000003,no_action
1.0,12.595615881727086,0.0,26.48964506020041,19.90876823654583,165.31641329674625,no_action
1.0,39.98259247759363,0.0,1.4,1.1,125.81800000000003,no_action
2.0,61.29297028890409,0.0,2.8,2.2,128.12800000000001,no_action
3.0,47.50080074448508,0.0,4.199999999999999,3.3000000000000003,130.43800000000002,no_action
5.0,45.767353528507186,0.0,7.0,5.5,135.05800000000002,rerouting
3.0,32.08679643270802,0.0,4.199999999999999,3.3000000000000003,130.43800000000002,no_action
2.0,20.46112697689362,0.0,10.585520650834034,5.2777460462127594,134.59126669704682,no_action
2.0,12.445563499106854,0.0,30.219760301964925,24.108873001786293,174.13663330375124,speed_harmonization
1.0,19.26500587469466,0.0,11.816987075671753,6.569988250610683,137.30497532628246,no_action
2.0,45.12303571440668,0.0,2.8,2.2,128.12800000000001,no_action
1.0,48.378883946834186,0.0,1.4,1.1,125.81800000000003,no_action
3.0,67.18881234077348,0.0,4.199999999999999,3.3000000000000003,130.43800000000002,no_action
1.0,87.27343748636234,0.0,1.4,1.1,125.81800000000003,no_action
5.0,63.4699088850819,0.0,7.0,5.5,135.05800000000002,no_action
2.0,71.99855312565863,0.0,2.8,2.2,128.12800000000001,no_action
1.0,87.11183020516718,0.0,1.4,1.1,125.81800000000003,no_action
1.0,50.003999997588146,0.0,1.4,1.1,125.81800000000003,no_action
1.0,50.003999997588146,0.0,1.4,1.1,125.81800000000003,no_action
2.0,82.81570910496515,0.0,2.8,2.2,128.12800000000001,no_action
4.0,41.566484483883436,0.25,5.6,8.4,163.64800000000002,no_action
2.0,46.65494163206367,0.5,2.8,6.2,181.52800000000002,heavy_vehicle_ban
1.0,64.97810746955919,0.0,1.4,1.1,125.81800000000003,no_action
1.0,0.0,0.0,56.2,47.9,224.098,no_action
1.0,49.84181777741908,0.0,1.4,1.1,125.81800000000003,no_action
2.0,71.9616851597991,0.0,2.8,2.2,128.12800000000001,no_action
2.0,81.48236739755686,0.0,2.8,2.2,128.12800000000001,no_action
7.0,60.92608657887558,0.0,9.799999999999999,7.700000000000001,139.67800000000003,rerouting
1.0,74.89209781653047,0.0,1.4,1.1,125.81800000000003,no_action
2.0,44.58932705076895,0.0,2.8,2.2,128.12800000000001,no_action
5.0,32.496765502973886,0.0,7.0,5.5,135.05800000000002,rerouting
2.0,27.416492468797582,0.0,2.8,2.2,128.12800000000001,no_action
1.0,37.621717699620504,0.0,1.4,1.1,125.81800000000003,no_action
1.0,24.980663830303623,0.0,1.4,1.1,125.81800000000003,no_action
1.0,9.287221822000037,0.0,33.76811199159992,26.525556355999928,179.21166834759987,no_action
1.0,39.79793242840398,0.0,1.4,1.1,125.81800000000003,no_action
1.0,30.74493239997959,0.0,1.4,1.1,125.81800000000003,no_action
1.0,46.071044273043114,0.0,1.4,1.1,125.81800000000003,no_action
4.0,49.01138848378792,0.0,5.6,4.4,132.74800000000002,no_action
1.0,1.8774992855236021,0.0,50.06950157184808,41.3450014289528,210.3325030008009,no_action
1.0,50.004000000000005,0.0,3.4,3.9,131.69800000000004,no_action
1.0,69.98373645185615,0.0,1.4,1.1,125.81800000000003,no_action
3.0,51.76628308064265,0.0,4.199999999999999,3.3000000000000003,130.43800000000002,no_action
4.0,39.149494535083925,0.0,5.6,4.4,132.74800000000002,no_action
3.0,59.68951289150429,0.0,4.199999999999999,3.3000000000000003,130.43800000000002,no_action
1.0,70.15175490493866,0.0,1.4,1.1,125.81800000000003,no_action
2.0,53.18648408212918,0.5,2.8,6.2,181.52800000000002,heavy_vehicle_ban
1.0,80.00187821402706,0.0,1.4,1.1,125.81800000000003,no_action
3.0,47.09236165708582,0.0,6.199999999999999,6.1,136.318,speed_harmonization
1.0,73.64812661506637,0.0,1.4,1.1,125.81800000000003,no_action
1.0,74.98407905117246,0.0,1.4,1.1,125.81800000000003,no_action
2.0,63.831755645279024,0.0,2.8,2.2,128.12800000000001,no_action
3.0,37.8726541252371,0.0,4.199999999999999,3.3000000000000003,130.43800000000002,no_action
1.0,39.744666999523666,0.0,1.4,1.1,125.81800000000003,no_action
1.0,39.15366098330138,0.0,1.4,1.1,125.81800000000003,no_action
1.0,42.45395356240229,0.0,1.4,1.1,125.81800000000003,no_action
4.0,0.0,0.0,66.4,59.6,248.66800000000003,rerouting
1.0,38.519204370178905,0.0,1.4,1.1,125.81800000000003,no_action
1.0,42.83718109244657,0.0,1.4,1.1,125.81800000000003,no_action
1.0,49.07450482450845,0.0,1.4,1.1,125.81800000000003,no_action
1.0,9.848023377135474,0.0,32.53434857030196,25.403953245729053,176.85630181603102,no_action
1.0,39.84847460237857,0.0,1.4,1.1,125.81800000000003,no_action
1.0,39.99599167231434,0.0,1.4,1.1,125.81800000000003,no_action
1.0,49.02051231977799,0.0,1.4,1.1,125.81800000000003,no_action
1.0,46.25725176678951,0.0,1.4,1.1,125.81800000000003,no_action
1.0,29.992147628104654,0.0,1.4,1.1,125.81800000000003,no_action
1.0,49.94463861811925,0.0,1.4,1.1,125.81800000000003,no_action
2.0,64.28019738552725,0.0,2.8,2.2,128.12800000000001,no_action
3.0,38.6295657408592,0.3333333333333333,4.199999999999999,7.300000000000001,168.83800000000002,heavy_vehicle_ban
1.0,41.6085640360383,0.0,1.4,1.1,125.81800000000003,no_action
3.0,36.6242718421409,0.3333333333333333,4.199999999999999,7.300000000000001,168.83800000000002,heavy_vehicle_ban
1.0,74.99501326606892,0.0,1.4,1.1,125.81800000000003,no_action
1.0,74.86069891761035,0.0,1.4,1.1,125.81800000000003,no_action
1.0,73.973275093912,0.0,1.4,1.1,125.81800000000003,no_action
1.0,34.03891840278212,0.0,1.4,1.1,125.81800000000003,no_action
2.0,23.305514630569732,0.0,4.3278678127465895,2.2,128.12800000000001,no_action
1.0,48.91636996765336,0.0,1.4,1.1,125.81800000000003,no_action
1.0,31.774610420989912,0.0,1.4,1.1,125.81800000000003,no_action
4.0,40.483676095129354,0.0,5.6,4.4,132.74800000000002,no_action
1.0,49.068466262373256,0.0,1.4,1.1,125.81800000000003,no_action
2.0,25.25033991662426,0.0,2.8,2.2,128.12800000000001,no_action
1.0,0.1027447167154724,0.0,55.97396162322596,47.69451056656905,223.66647218979503,no_action
6.0,33.3964472863568,0.0,10.399999999999999,9.4,143.24800000000002,rerouting
1.0,69.49518158953929,0.0,1.4,1.1,125.81800000000003,no_action
1.0,64.77008960823039,0.0,1.4,1.1,125.81800000000003,no_action
1.0,32.76249763294027,0.0,1.4,1.1,125.81800000000003,no_action
1.0,39.59769343692407,0.0,1.4,1.1,125.81800000000003,no_action
3.0,40.76133376821738,0.0,4.199999999999999,3.3000000000000003,130.43800000000002,no_action
5.0,0.2754411996407529,0.0,67.19402936079035,60.1491176007185,249.82114696150887,idling_restriction
6.0,17.513063889655513,0.16666666666666666,26.671259442757872,25.173872220688974,191.37313166344688,idling_restriction
2.0,32.963499800898816,0.0,2.8,2.2,128.12800000000001,no_action
4.0,34.47403271951892,0.0,5.6,4.4,132.74800000000002,no_action
4.0,43.453453719982484,0.0,5.6,4.4,132.74800000000002,no_action
4.0,20.45355634334444,0.25,15.402176044642228,14.292887313311116,176.02306335795336,heavy_vehicle_ban
2.0,59.98705099950685,0.0,2.8,2.2,128.12800000000001,no_action
1.0,49.48286441801254,0.0,1.4,1.1,125.81800000000003,no_action
1.0,49.999408181313385,0.0,1.4,1.1,125.81800000000003,no_action
3.0,47.954373685954316,0.3333333333333333,4.199999999999999,7.300000000000001,168.83800000000002,heavy_vehicle_ban
3.0,7.421279716681348,0.3333333333333333,44.67318462330104,42.057440566637304,241.82862518993835,speed_harmonization
1.0,27.698076058821332,0.0,1.4,1.1,125.81800000000003,no_action
1.0,50.003999997579456,0.0,1.4,1.1,125.81800000000003,no_action
1.0,50.004000000000005,0.0,3.4,3.9,131.69800000000004,no_action
6.0,49.49920346358966,0.0,8.399999999999999,6.6000000000000005,137.36800000000002,rerouting
2.0,66.33808172336911,0.0,2.8,2.2,128.12800000000001,no_action
2.0,21.553891821193737,0.0,10.181437993373779,5.892216357612526,135.88165435098634,speed_harmonization
1.0,54.695879851673666,0.0,1.4,1.1,125.81800000000003,no_action
2.0,49.723425283855356,0.0,2.8,2.2,128.12800000000001,no_action
1.0,49.02460720895061,0.0,1.4,1.1,125.81800000000003,no_action
6.0,42.09006524694935,0.0,8.399999999999999,6.6000000000000005,137.36800000000002,rerouting
6.0,42.78097636506816,0.0,8.399999999999999,6.6000000000000005,137.36800000000002,speed_harmonization
1.0,29.731075203506126,1.0,1.4,5.1,224.21800000000002,no_action
3.0,27.19729418031044,0.3333333333333333,4.199999999999999,7.300000000000001,168.83800000000002,heavy_vehicle_ban
4.0,41.38170260451753,0.0,5.6,4.4,132.74800000000002,no_action
2.0,43.507010638012424,0.0,2.8,2.2,128.12800000000001,no_action
2.0,43.26657748733287,0.0,2.8,2.2,128.12800000000001,no_action
1.0,37.57810424057525,0.0,1.4,1.1,125.81800000000003,no_action
1.0,69.8905297843635,0.0,1.4,1.1,125.81800000000003,no_action
1.0,46.73747800533119,0.0,1.4,1.1,125.81800000000003,no_action
4.0,43.3620396262321,0.0,5.6,4.4,132.74800000000002,no_action
1.0,49.26513564219955,0.0,1.4,1.1,125.81800000000003,no_action
3.0,17.876441932000137,0.0,17.6718277495997,11.547116135999726,147.75694388559944,no_action
1.0,26.231852283526493,0.0,1.4,1.1,125.81800000000003,no_action
2.0,5.125390143759423,0.0,46.324141683729266,38.74921971248115,204.88136139621042,idling_restriction
3.0,27.072180140177306,0.0,4.199999999999999,3.3000000000000003,130.43800000000002,no_action
2.0,74.6759948230242,0.0,2.8,2.2,128.12800000000001,no_action
6.0,56.31872011104047,0.0,8.399999999999999,6.6000000000000005,137.36800000000002,no_action
1.0,87.20202440572955,0.0,1.4,1.1,125.81800000000003,no_action
4.0,60.23702542589441,0.25,5.6,8.4,163.64800000000002,no_action
1.0,46.283332585811756,0.0,1.4,1.1,125.81800000000003,no_action
1.0,45.51554619068926,0.0,1.4,1.1,125.81800000000003,no_action
4.0,29.85201357416987,0.25,5.6,8.4,163.64800000000002,heavy_vehicle_ban
1.0,50.003999997588146,0.0,1.4,1.1,125.81800000000003,no_action
2.0,81.33857574551178,0.0,2.8,2.2,128.12800000000001,no_action
1.0,64.99525957368908,0.0,1.4,1.1,125.81800000000003,no_action
3.0,41.888049136419475,0.0,4.199999999999999,3.3000000000000003,130.43800000000002,no_action
2.0,47.15494287202227,0.5,2.8,6.2,181.52800000000002,heavy_vehicle_ban
1.0,59.46972148425912,0.0,1.4,1.1,125.81800000000003,no_action
1.0,34.38018440009991,0.0,1.4,1.1,125.81800000000003,no_action
1.0,84.94008807678814,0.0,1.4,1.1,125.81800000000003,no_action
3.0,74.2607261512532,0.0,4.199999999999999,3.3000000000000003,130.43800000000002,no_action
5.0,65.41996219530245,0.0,7.0,5.5,135.05800000000002,no_action
2.0,64.28142610353328,0.0,2.8,2.2,128.12800000000001,no_action
1.0,74.9286570094518,0.0,1.4,1.1,125.81800000000003,no_action
5.0,38.58146710784581,0.0,7.0,5.5,135.05800000000002,rerouting
1.0,27.99836060067144,0.0,1.4,1.1,125.81800000000003,no_action
1.0,26.815377970953325,0.0,1.4,1.1,125.81800000000003,no_action
1.0,45.64769868818942,0.0,1.4,1.1,125.81800000000003,no_action
1.0,50.00382548634597,0.0,1.4,1.1,125.81800000000003,no_action
1.0,49.09601710777361,0.0,1.4,1.1,125.81800000000003,no_action
3.0,46.3331260097297,0.0,4.199999999999999,3.3000000000000003,130.43800000000002,no_action
1.0,74.99018358268083,0.0,1.4,1.1,125.81800000000003,no_action
4.0,4.723750132153346,0.0,54.00774970926265,47.35249973569331,222.948249444956,idling_restriction
1.0,69.95687578302578,0.0,1.4,1.1,125.81800000000003,no_action
4.0,37.4705659043257,0.25,7.6,11.2,169.52800000000002,rerouting
1.0,43.9585233313598,0.0,1.4,1.1,125.81800000000003,no_action
4.0,48.57594389971134,0.0,5.6,4.4,132.74800000000002,no_action
1.0,74.64912155471596,0.0,1.4,1.1,125.81800000000003,no_action
1.0,75.00598679755733,0.0,1.4,1.1,125.81800000000003,no_action
1.0,0.001088811007071144,0.0,56.19760461578444,47.897822377985854,224.09342699377032,no_action
1.0,80.00399999953105,0.0,1.4,1.1,125.81800000000003,no_action
6.0,27.39340322742503,0.0,12.399999999999999,12.2,149.12800000000001,speed_harmonization
1.0,79.41294627415714,0.0,1.4,1.1,125.81800000000003,no_action
1.0,75.00599272493592,0.0,1.4,1.1,125.81800000000003,no_action
1.0,71.60866921561005,0.0,1.4,1.1,125.81800000000003,no_action
1.0,63.19414664976127,0.0,1.4,1.1,125.81800000000003,no_action
1.0,20.79769978160982,0.0,8.4450604804584,3.5046004367803634,130.8676609172388,no_action
1.0,10.78681786694207,0.0,30.469000692727448,23.526364266115863,172.91336495884335,no_action
1.0,3.656329484116927,0.0,46.15607513494276,37.78734103176615,202.86141616670892,no_action
2.0,0.8754720754256884,0.0,55.673961434063486,47.249055849148625,222.73101728321214,speed_harmonization
1.0,47.09976006084745,0.0,1.4,1.1,125.81800000000003,no_action
1.0,38.21139322660583,0.0,1.4,1.1,125.81800000000003,no_action
1.0,39.995999998765576,0.0,1.4,1.1,125.81800000000003,no_action
3.0,30.981875497990867,0.0,4.199999999999999,3.3000000000000003,130.43800000000002,no_action
1.0,49.86343477770903,0.0,1.4,1.1,125.81800000000003,no_action
1.0,0.0,0.0,56.2,47.9,224.098,no_action
1.0,40.13387727583246,0.0,1.4,1.1,125.81800000000003,no_action
1.0,48.87442804318151,0.0,1.4,1.1,125.81800000000003,no_action
1.0,18.269258710779336,0.0,14.007630836285461,8.561482578441327,141.48711341472682,no_action
4.0,43.780535939395904,0.25,5.6,8.4,163.64800000000002,heavy_vehicle_ban
1.0,27.871365489277277,1.0,1.4,5.1,224.21800000000002,no_action
1.0,27.54061950502579,0.0,1.4,1.1,125.81800000000003,no_action
3.0,36.59499088158079,0.3333333333333333,4.199999999999999,7.300000000000001,168.83800000000002,rerouting
1.0,18.640976412643866,0.0,13.189851892183496,7.818047174712268,139.9258990668958,no_action
1.0,74.202566707389,0.0,1.4,1.1,125.81800000000003,no_action
1.0,73.17957255893862,0.0,1.4,1.1,125.81800000000003,no_action
1.0,35.58761640488738,0.0,1.4,1.1,125.81800000000003,no_action
1.0,32.03197566817053,0.0,1.4,1.1,125.81800000000003,no_action
1.0,46.37033351447792,0.0,1.4,1.1,125.81800000000003,no_action
3.0,34.70937028145561,0.0,4.199999999999999,3.3000000000000003,130.43800000000002,no_action
1.0,74.91283875800875,0.0,1.4,1.1,125.81800000000003,no_action
1.0,29.1363483383229,0.0,1.4,1.1,125.81800000000003,no_action
1.0,47.17002976682112,0.0,1.4,1.1,125.81800000000003,no_action
1.0,0.0,0.0,56.2,47.9,224.098,no_action
1.0,45.51410169698762,0.0,1.4,1.1,125.81800000000003,no_action
6.0,24.80278895909811,0.0,12.399999999999999,12.2,149.12800000000001,idling_restriction
3.0,53.49365145537948,0.0,4.199999999999999,3.3000000000000003,130.43800000000002,no_action
1.0,47.21193698980226,0.0,1.4,1.1,125.81800000000003,no_action
1.0,39.57998383964691,0.0,1.4,1.1,125.81800000000003,no_action
3.0,17.493803937332423,0.0,18.51363133786867,12.312392125335155,149.36402346320386,no_action
10.0,9.867483812526075,0.1,57.09153561244264,56.06503237494785,250.2445679873905,idling_restriction
2.0,34.722650742217965,0.5,2.8,6.2,181.52800000000002,heavy_vehicle_ban
4.0,28.465081508237674,0.0,5.6,4.4,132.74800000000002,no_action
1.0,0.0,0.0,56.2,47.9,224.098,no_action
1.0,29.78686781693086,0.0,1.4,1.1,125.81800000000003,no_action
1.0,64.97317790249386,0.0,1.4,1.1,125.81800000000003,no_action
1.0,64.99787711266193,0.0,1.4,1.1,125.81800000000003,no_action
2.0,48.62947630749743,0.0,2.8,2.2,128.12800000000001,no_action
1.0,32.6203956,0.0,1.4,1.1,125.81800000000003,no_action
1.0,52.68855362086271,0.0,1.4,1.1,125.81800000000003,no_action
2.0,0.1228751763036681,0.5,59.32967461213193,55.55424964739266,285.17192425952464,speed_harmonization
1.0,50.003764380830255,0.0,1.4,1.1,125.81800000000003,no_action
10.0,48.435528266833195,0.0,14.0,11.0,146.60800000000003,rerouting
1.0,74.8639075704332,0.0,1.4,1.1,125.81800000000003,no_action
1.0,75.00599999879279,0.0,1.4,1.1,125.81800000000003,no_action
1.0,42.92857126737708,0.0,1.4,1.1,125.81800000000003,no_action
2.0,32.51615820127791,0.0,2.8,2.2,128.12800000000001,no_action
1.0,28.861417650805667,0.0,1.4,1.1,125.81800000000003,no_action
1.0,47.07775521558147,0.0,1.4,1.1,125.81800000000003,no_action
3.0,47.05919917022317,0.0,4.199999999999999,3.3000000000000003,130.43800000000002,no_action
2.0,35.567434457063584,0.0,2.8,2.2,128.12800000000001,no_action
1.0,19.174833860873207,0.0,12.015365506078945,6.750332278253586,137.68369778433257,no_action
7.0,40.83983892423995,0.14285714285714285,9.799999999999999,11.700000000000001,160.9351428571429,heavy_vehicle_ban
5.0,51.28376388560701,0.0,7.0,5.5,135.05800000000002,rerouting
4.0,28.353659144888095,0.25,5.6,8.4,163.64800000000002,heavy_vehicle_ban
6.0,38.468314884534685,0.16666666666666666,8.399999999999999,10.600000000000001,160.76800000000003,heavy_vehicle_ban
3.0,43.99461753472726,0.0,4.199999999999999,3.3000000000000003,130.43800000000002,no_action
2.0,65.12395668168313,0.0,2.8,2.2,128.12800000000001,no_action
7.0,43.82585379085705,0.0,9.799999999999999,7.700000000000001,139.67800000000003,no_action
5.0,46.25503688459255,0.0,7.0,5.5,135.05800000000002,no_action
1.0,7.43583963519574,0.0,37.84115280256937,30.22832072960852,186.98747353217792,no_action
2.0,18.629167816930018,0.5,14.615830802753962,12.941664366139964,195.68549516889397,heavy_vehicle_ban
2.0,3.0651973282771854,0.0,50.85656587779019,42.86960534344563,213.53417122123585,speed_harmonization
1.0,26.77281084249729,0.0,1.4,1.1,125.81800000000003,no_action
3.0,39.215987372883724,0.0,4.199999999999999,3.3000000000000003,130.43800000000002,no_action
2.0,72.11976241563814,0.0,2.8,2.2,128.12800000000001,no_action
1.0,87.50521092455706,0.0,1.4,1.1,125.81800000000003,no_action
7.0,54.79239038113387,0.0,9.799999999999999,7.700000000000001,139.67800000000003,no_action
1.0,86.81992214423117,0.0,1.4,1.1,125.81800000000003,no_action
1.0,87.43952784985056,0.0,1.4,1.1,125.81800000000003,no_action
2.0,39.479173426467035,0.0,2.8,2.2,128.12800000000001,no_action
1.0,39.99599999876579,0.0,1.4,1.1,125.81800000000003,no_action
4.0,27.91953951743388,0.25,5.6,8.4,163.64800000000002,heavy_vehicle_ban
1.0,50.003999997588146,0.0,1.4,1.1,125.81800000000003,no_action
7.0,47.543542237667985,0.2857142857142857,9.799999999999999,15.700000000000001,182.19228571428576,heavy_vehicle_ban
3.0,70.08385631877638,0.0,4.199999999999999,3.3000000000000003,130.43800000000002,no_action
1.0,69.32361703501584,0.0,1.4,1.1,125.81800000000003,no_action
2.0,59.16348965857152,0.0,2.8,2.2,128.12800000000001,no_action
2.0,52.85682214744237,0.0,2.8,2.2,128.12800000000001,no_action
1.0,64.99799998789456,0.0,1.4,1.1,125.81800000000003,no_action
1.0,56.57443146981103,0.0,1.4,1.1,125.81800000000003,no_action
1.0,35.03987542173648,0.0,1.4,1.1,125.81800000000003,no_action
2.0,71.10597443589798,0.0,2.8,2.2,128.12800000000001,no_action
4.0,66.85186755744567,0.0,5.6,4.4,132.74800000000002,no_action
4.0,67.2241635792469,0.25,5.6,8.4,163.64800000000002,rerouting
1.0,72.9332855997383,0.0,1.4,1.1,125.81800000000003,no_action
2.0,39.934865604303766,0.5,2.8,6.2,181.52800000000002,heavy_vehicle_ban
2.0,66.3176530939361,0.0,2.8,2.2,128.12800000000001,no_action
3.0,49.787440004744866,0.0,4.199999999999999,3.3000000000000003,130.43800000000002,no_action
1.0,28.758030458887905,1.0,1.4,5.1,224.21800000000002,no_action
1.0,13.587300498794347,0.0,24.307938902652438,17.925399002411307,161.15133790506377,no_action
1.0,44.14573523705537,0.0,1.4,1.1,125.81800000000003,no_action
1.0,42.73603145842964,0.0,1.4,1.1,125.81800000000003,no_action
4.0,43.71318614313349,0.0,5.6,4.4,132.74800000000002,no_action
1.0,46.24356311859456,0.0,1.4,1.1,125.81800000000003,no_action
4.0,0.0,0.0,66.4,59.6,248.66800000000003,idling_restriction
1.0,74.92919633900677,0.0,1.4,1.1,125.81800000000003,no_action
2.0,62.95516277737057,0.0,2.8,2.2,128.12800000000001,no_action
6.0,31.48305338359439,0.16666666666666666,8.399999999999999,10.600000000000001,160.76800000000003,heavy_vehicle_ban
1.0,24.281579269961505,0.0,1.4,1.1,125.81800000000003,no_action
4.0,34.99177238883862,0.0,5.6,4.4,132.74800000000002,no_action
1.0,73.64644639701629,0.0,1.4,1.1,125.81800000000003,no_action
1.0,21.067214934891187,0.0,7.8521271432393895,2.965570130217627,129.73569727345705,no_action
2.0,72.05853092439965,0.0,2.8,2.2,128.12800000000001,no_action
5.0,37.490317549028376,0.0,7.0,5.5,135.05800000000002,no_action
1.0,72.00986844960877,0.0,1.4,1.1,125.81800000000003,no_action
2.0,68.36197011473634,0.0,2.8,2.2,128.12800000000001,no_action
2.0,59.53447020742032,0.0,2.8,2.2,128.12800000000001,no_action
2.0,9.02680028019959,0.0,35.7410393835609,28.14639943960082,182.61543882316175,speed_harmonization
1.0,69.57756414754128,0.0,1.4,1.1,125.81800000000003,no_action
3.0,39.58669668144654,0.0,4.199999999999999,3.3000000000000003,130.43800000000002,no_action
1.0,0.0,0.0,56.2,47.9,224.098,no_action
1.0,49.798462450628534,0.0,1.4,1.1,125.81800000000003,no_action
2.0,0.0019529750698871603,0.0,59.59570345484625,51.79609404986022,232.2797975047065,idling_restriction
2.0,0.0014837420898086006,0.0,59.59673576740243,51.79703251582038,232.28176828322285,speed_harmonization
1.0,39.06330997045919,0.0,1.4,1.1,125.81800000000003,no_action
1.0,42.57805905927929,0.0,1.4,1.1,125.81800000000003,no_action
1.0,39.0629442505594,0.0,1.4,1.1,125.81800000000003,no_action
1.0,49.469326687712766,0.0,1.4,1.1,125.81800000000003,no_action
1.0,48.5776247772716,0.0,1.4,1.1,125.81800000000003,no_action
1.0,49.09179147733941,0.0,1.4,1.1,125.81800000000003,no_action
1.0,42.09130024159961,0.0,1.4,1.1,125.81800000000003,no_action
2.0,37.57279683695512,0.0,2.8,2.2,128.12800000000001,no_action
1.0,0.0,0.0,56.2,47.9,224.098,no_action
1.0,47.00681211670223,0.0,1.4,1.1,125.81800000000003,no_action
2.0,48.06222639047223,0.0,2.8,2.2,128.12800000000001,no_action
1.0,64.87048646748391,1.0,1.4,5.1,224.21800000000002,no_action
2.0,57.2496348889643,0.5,2.8,6.2,181.52800000000002,heavy_vehicle_ban
1.0,34.049945440982356,0.0,1.4,1.1,125.81800000000003,no_action
1.0,58.37124838651609,0.0,1.4,1.1,125.81800000000003,no_action
1.0,53.508325777971955,0.0,1.4,1.1,125.81800000000003,no_action
1.0,0.0,0.0,56.2,47.9,224.098,no_action
1.0,43.48070642227601,0.0,1.4,1.1,125.81800000000003,no_action
3.0,36.503842292915756,0.3333333333333333,4.199999999999999,7.300000000000001,168.83800000000002,heavy_vehicle_ban
1.0,50.004000000000005,0.0,3.4,3.9,131.69800000000004,no_action
1.0,73.84468499523112,0.0,1.4,1.1,125.81800000000003,no_action
1.0,1.402124163390222,0.0,51.11532684054151,42.295751673219556,212.3290785137611,no_action
1.0,49.29600964767607,0.0,1.4,1.1,125.81800000000003,no_action
1.0,0.16605093322275344,0.0,55.834687946909945,47.56789813355449,223.40058608046445,no_action
1.0,47.99848859302377,0.0,1.4,1.1,125.81800000000003,no_action
1.0,10.865647866439373,0.0,30.29557469383338,23.368704267121256,172.58227896095465,no_action
2.0,66.23107257744779,0.0,2.8,2.2,128.12800000000001,no_action
5.0,3.7925977212919917,0.0,55.456285013157625,47.51480455741602,223.28908957057365,rerouting
1.0,41.612497291409944,0.0,1.4,1.1,125.81800000000003,no_action
3.0,27.70078716034007,0.0,6.199999999999999,6.1,136.318,idling_restriction
1.0,11.451839483861887,0.0,29.005953135503848,22.196321032276227,170.1202741677801,no_action
5.0,28.649839512480288,0.0,7.0,5.5,135.05800000000002,rerouting
1.0,64.88021346110428,0.0,1.4,1.1,125.81800000000003,no_action
1.0,48.42234185426839,0.0,1.4,1.1,125.81800000000003,no_action
2.0,29.416904423787084,0.0,2.8,2.2,128.12800000000001,no_action
1.0,39.16485097205481,0.0,1.4,1.1,125.81800000000003,no_action
4.0,9.589716821737506,0.0,41.30262299217749,34.82056635652499,196.6311893487025,speed_harmonization
7.0,17.305382978900134,0.0,24.528157446419705,17.089234042199735,159.39539148861945,no_action
3.0,29.77875677723425,0.3333333333333333,4.199999999999999,7.300000000000001,168.83800000000002,heavy_vehicle_ban
1.0,46.16126038293707,0.0,1.4,1.1,125.81800000000003,no_action
4.0,16.148111789287995,0.0,26.874154063566415,21.70377642142401,169.08593048499046,speed_harmonization
1.0,69.92948940553319,0.0,1.4,1.1,125.81800000000003,no_action
1.0,64.99793289475159,0.0,1.4,1.1,125.81800000000003,no_action
1.0,49.84037632623041,0.0,1.4,1.1,125.81800000000003,no_action
1.0,23.80243319996543,0.0,1.8346469600760507,1.1,125.81800000000003,no_action
2.0,26.286309262102325,0.0,2.8,2.2,128.12800000000001,no_action
1.0,64.47555734924966,0.0,1.4,1.1,125.81800000000003,no_action
1.0,43.3718831482199,0.0,1.4,1.1,125.81800000000003,no_action
3.0,11.976419216023546,0.3333333333333333,34.6518777247482,32.94716156795291,222.69703929270113,heavy_vehicle_ban
1.0,49.99557398032038,0.0,1.4,1.1,125.81800000000003,no_action
1.0,50.00399999665121,0.0,1.4,1.1,125.81800000000003,no_action
13.0,46.15878381698366,0.0,18.2,14.3,153.538,idling_restriction
1.0,73.21367382110601,0.0,1.4,1.1,125.81800000000003,no_action
1.0,75.00599999879408,0.0,1.4,1.1,125.81800000000003,no_action
1.0,21.736371064012776,0.0,6.379983659171893,1.6272578719744488,126.92524153114637,no_action
2.0,40.18427770946722,0.0,2.8,2.2,128.12800000000001,no_action
1.0,36.85672016843959,0.0,1.4,1.1,125.81800000000003,no_action
1.0,47.0787659962943,0.0,1.4,1.1,125.81800000000003,no_action
2.0,48.68845462882949,0.0,2.8,2.2,128.12800000000001,no_action
3.0,35.6335239380889,0.0,4.199999999999999,3.3000000000000003,130.43800000000002,no_action
2.0,0.009818007603327602,0.0,59.57840038327268,51.78036398479334,232.24676436806604,speed_harmonization
5.0,37.508029523223755,0.2,7.0,9.5,161.45800000000003,heavy_vehicle_ban
4.0,25.11366823171545,0.0,5.6,4.4,132.74800000000002,no_action
2.0,43.58702317919624,0.0,2.8,2.2,128.12800000000001,no_action
4.0,29.353059553958758,0.75,5.6,16.4,225.44800000000004,heavy_vehicle_ban
6.0,29.6934475372889,0.16666666666666666,8.399999999999999,10.600000000000001,160.76800000000003,heavy_vehicle_ban
1.0,29.964506592132434,0.0,1.4,1.1,125.81800000000003,no_action
1.0,43.415551955446595,0.0,1.4,1.1,125.81800000000003,no_action
3.0,44.60635711596111,0.0,4.199999999999999,3.3000000000000003,130.43800000000002,no_action
1.0,50.584405143526055,0.0,1.4,1.1,125.81800000000003,no_action
1.0,49.96770920258425,0.0,1.4,1.1,125.81800000000003,no_action
3.0,46.88844382078905,0.0,4.199999999999999,3.3000000000000003,130.43800000000002,no_action
1.0,74.70035284015866,0.0,1.4,1.1,125.81800000000003,no_action
2.0,24.975657403172775,0.0,4.8,5.0,134.00800000000004,idling_restriction
1.0,49.99643838208759,0.0,1.4,1.1,125.81800000000003,no_action
4.0,50.118766237204404,0.0,5.6,4.4,132.74800000000002,no_action
4.0,40.26693703528214,0.0,5.6,4.4,132.74800000000002,no_action
2.0,26.940020823915262,0.0,2.8,2.2,128.12800000000001,no_action
1.0,29.987227483398975,1.0,1.4,5.1,224.21800000000002,no_action
2.0,32.70772049892027,0.0,2.8,2.2,128.12800000000001,no_action
1.0,33.60236559487736,0.0,1.4,1.1,125.81800000000003,no_action
2.0,72.38049835674111,0.5,2.8,6.2,181.52800000000002,heavy_vehicle_ban
5.0,63.56690948346852,0.0,7.0,5.5,135.05800000000002,rerouting
2.0,79.7356804139409,0.0,2.8,2.2,128.12800000000001,no_action
1.0,1.4861809984025103,0.0,50.93040180351448,42.12763800319498,211.97603980670948,no_action
2.0,66.61090235440648,0.5,2.8,6.2,181.52800000000002,heavy_vehicle_ban
1.0,0.0,0.0,56.2,47.9,224.098,no_action
1.0,35.0256794682025,0.0,1.4,1.1,125.81800000000003,no_action
2.0,44.17418735095879,0.0,2.8,2.2,128.12800000000001,no_action
1.0,39.99599999876579,0.0,1.4,1.1,125.81800000000003,no_action
3.0,45.851443693552255,0.0,4.199999999999999,3.3000000000000003,130.43800000000002,no_action
1.0,39.215204999187655,0.0,1.4,1.1,125.81800000000003,no_action
1.0,50.003999997588146,0.0,1.4,1.1,125.81800000000003,no_action
9.0,48.656252709018474,0.1111111111111111,12.6,13.9,162.69800000000004,heavy_vehicle_ban
1.0,64.9964143955484,0.0,1.4,1.1,125.81800000000003,no_action
2.0,59.50853296340202,0.0,2.8,2.2,128.12800000000001,no_action
1.0,70.00199925740914,0.0,1.4,1.1,125.81800000000003,no_action
1.0,0.0,0.0,56.2,47.9,224.098,no_action
5.0,45.87231964544998,0.0,7.0,5.5,135.05800000000002,no_action
7.0,58.41705717138598,0.14285714285714285,9.799999999999999,11.700000000000001,160.9351428571429,heavy_vehicle_ban
5.0,41.28920735400818,0.2,7.0,9.5,161.45800000000003,heavy_vehicle_ban
6.0,34.253303619391865,0.0,10.399999999999999,9.4,143.24800000000002,rerouting
1.0,23.738716893582588,1.0,1.9748228341183072,5.1,224.21800000000002,no_action
1.0,31.622486029293665,0.0,1.4,1.1,125.81800000000003,no_action
1.0,39.84918966919066,0.0,1.4,1.1,125.81800000000003,no_action
1.0,47.893523095472446,0.0,1.4,1.1,125.81800000000003,no_action
7.0,43.48144278373678,0.0,9.799999999999999,7.700000000000001,139.67800000000003,rerouting
2.0,57.47888248836491,0.0,2.8,2.2,128.12800000000001,no_action
1.0,50.004000000000005,0.0,3.4,3.9,131.69800000000004,no_action
2.0,59.92329977885889,0.0,2.8,2.2,128.12800000000001,no_action
1.0,49.98158165079061,0.0,1.4,1.1,125.81800000000003,no_action
7.0,32.76534819204383,0.2857142857142857,9.799999999999999,15.700000000000001,182.19228571428576,heavy_vehicle_ban
1.0,39.95831980167757,0.0,1.4,1.1,125.81800000000003,no_action
1.0,42.37721176588086,0.0,1.4,1.1,125.81800000000003,no_action
3.0,53.15655112860504,0.0,4.199999999999999,3.3000000000000003,130.43800000000002,no_action
2.0,55.68470408502304,0.0,2.8,2.2,128.12800000000001,no_action
6.0,22.934115464134834,0.0,12.744945978903363,9.4,143.24800000000002,rerouting
1.0,78.33690270729612,0.0,1.4,1.1,125.81800000000003,no_action
2.0,66.29231685886863,0.0,2.8,2.2,128.12800000000001,no_action
1.0,74.5037888563602,0.0,1.4,1.1,125.81800000000003,no_action
1.0,74.69102581971566,0.0,1.4,1.1,125.81800000000003,no_action
1.0,18.62330067897515,0.0,13.228738506254675,7.853398642049703,140.0001371483044,no_action
1.0,32.98093168668833,0.0,1.4,1.1,125.81800000000003,no_action
4.0,32.11753552057706,0.0,5.6,4.4,132.74800000000002,no_action
1.0,44.958115895355,0.0,1.4,1.1,125.81800000000003,no_action
1.0,0.0,0.0,56.2,47.9,224.098,no_action
3.0,0.14640419051739062,0.0,60.67791078086174,52.60719161896522,233.98310239982698,speed_harmonization
2.0,46.73265471391891,0.0,2.8,2.2,128.12800000000001,no_action
1.0,42.15325776574887,0.0,1.4,1.1,125.81800000000003,no_action
1.0,23.713465700285315,0.0,2.0303754593723062,1.1,125.81800000000003,no_action
1.0,49.743978171174795,0.0,1.4,1.1,125.81800000000003,no_action
1.0,14.263831340652406,0.0,22.819571050564708,16.57233731869519,158.30990836925992,no_action
1.0,41.906272946192196,0.0,1.4,1.1,125.81800000000003,no_action
2.0,19.771439019183635,0.5,12.102834157796003,10.657121961632729,190.88795611942876,heavy_vehicle_ban
2.0,48.146347249279245,0.0,2.8,2.2,128.12800000000001,no_action
1.0,5.998690932401219,0.0,41.00287994871732,33.10261813519757,193.02349808391492,no_action
1.0,11.084152339975285,0.0,29.814864852054374,22.931695320049432,171.66456017210385,no_action
1.0,62.250594007925066,1.0,1.4,5.1,224.21800000000002,no_action
1.0,74.7388205779814,0.0,1.4,1.1,125.81800000000003,no_action
3.0,52.20987176956353,0.3333333333333333,4.199999999999999,7.300000000000001,168.83800000000002,heavy_vehicle_ban
1.0,0.0,0.0,56.2,47.9,224.098,no_action
1.0,50.001152032392866,0.0,1.4,1.1,125.81800000000003,no_action
1.0,45.83189743595685,0.0,1.4,1.1,125.81800000000003,no_action
3.0,35.35816612883942,0.3333333333333333,4.199999999999999,7.300000000000001,168.83800000000002,heavy_vehicle_ban
1.0,39.834110153540124,0.0,1.4,1.1,125.81800000000003,no_action
1.0,71.50405800984824,0.0,1.4,1.1,125.81800000000003,no_action
1.0,0.0,0.0,56.2,47.9,224.098,no_action
1.0,26.918985181346738,0.0,1.4,1.1,125.81800000000003,no_action
1.0,0.0,0.0,56.2,47.9,224.098,no_action
1.0,74.51345092820306,0.0,1.4,1.1,125.81800000000003,no_action
2.0,17.713276749033273,0.0,16.6307911521268,10.773446501933453,146.13223765406028,no_action
1.0,12.294898680501614,0.0,27.15122290289645,20.510202638996773,166.57942554189324,no_action
1.0,39.646526702206316,0.0,1.4,1.1,125.81800000000003,no_action
1.0,50.00395359353536,0.0,1.4,1.1,125.81800000000003,no_action
1.0,23.67814063067077,0.0,2.1080906125243026,1.1,125.81800000000003,no_action
2.0,25.151385206685706,0.0,2.8,2.2,128.12800000000001,no_action
3.0,23.964870504289205,0.0,6.277284890563747,6.1,136.318,idling_restriction
1.0,12.523520240138371,0.0,26.648255471695585,20.05295951972326,165.61921499141886,no_action
5.0,3.9409265923986414,0.0,59.129961496723,52.818146815202724,234.42610831192576,idling_restriction
2.0,42.15081236538042,0.0,2.8,2.2,128.12800000000001,no_action
1.0,63.91704731272931,0.0,1.4,1.1,125.81800000000003,no_action
1.0,41.74639750620771,0.0,1.4,1.1,125.81800000000003,no_action
5.0,0.11218084814300576,0.0,67.5532021340854,60.47563830371399,250.5068404377994,idling_restriction
4.0,39.847444468650465,0.0,5.6,4.4,132.74800000000002,no_action
7.0,30.024789154144113,0.0,9.799999999999999,7.700000000000001,139.67800000000003,no_action
2.0,28.698981412296632,0.5,2.8,6.2,181.52800000000002,no_action
2.0,45.63166245464505,0.0,2.8,2.2,128.12800000000001,no_action
1.0,41.65331974965209,0.0,1.4,1.1,125.81800000000003,no_action
4.0,0.8390827549336684,0.0,62.554017939145936,55.12183449013266,239.26385242927861,speed_harmonization
1.0,71.4056388261405,0.0,1.4,1.1,125.81800000000003,no_action
1.0,58.71657904169982,0.0,1.4,1.1,125.81800000000003,no_action
1.0,54.98179920263386,1.0,1.4,5.1,224.21800000000002,no_action
2.0,54.708211808864164,0.0,2.8,2.2,128.12800000000001,no_action
1.0,49.89702058023864,0.0,1.4,1.1,125.81800000000003,no_action
1.0,39.995998876530585,0.0,1.4,1.1,125.81800000000003,no_action
1.0,64.66711900956675,0.0,1.4,1.1,125.81800000000003,no_action
3.0,15.882761846470174,0.0,22.05792393776562,15.534476307059652,156.1304002448253,speed_harmonization
1.0,38.418600169697264,0.0,1.4,1.1,125.81800000000003,no_action
11.0,44.528266426580274,0.0,15.399999999999999,12.100000000000001,148.91800000000003,rerouting
1.0,46.79398055060502,0.0,1.4,1.1,125.81800000000003,no_action
3.0,53.28831603539057,0.0,4.199999999999999,3.3000000000000003,130.43800000000002,no_action
1.0,41.9035744883756,0.0,1.4,1.1,125.81800000000003,no_action
2.0,40.00603056392759,0.0,2.8,2.2,128.12800000000001,no_action
1.0,34.310285309294436,0.0,1.4,1.1,125.81800000000003,no_action
1.0,45.517730171391726,0.0,1.4,1.1,125.81800000000003,no_action
1.0,22.1732915139996,0.0,5.418758669200878,1.1,125.81800000000003,no_action
4.0,0.3161829865839258,0.0,61.70439742951537,53.36763402683215,235.58003145634754,heavy_vehicle_ban
4.0,20.754438286381443,0.25,12.740235769960826,10.891123427237114,168.87935919719797,heavy_vehicle_ban
4.0,13.775988320875143,0.0,30.092825694074683,23.648023358249713,173.16884905232442,speed_harmonization
2.0,46.5659304643972,0.0,2.8,2.2,128.12800000000001,no_action
4.0,35.13868108394972,0.25,5.6,8.4,163.64800000000002,heavy_vehicle_ban
8.0,17.687019420868378,0.25,31.088557274089567,33.82596115826324,217.04251843235284,speed_harmonization
2.0,45.84748233479343,0.0,2.8,2.2,128.12800000000001,no_action
1.0,44.768648578724076,0.0,1.4,1.1,125.81800000000003,no_action
1.0,48.46691013586348,0.0,1.4,1.1,125.81800000000003,no_action
1.0,74.77601693071097,0.0,1.4,1.1,125.81800000000003,no_action
2.0,56.271208839213074,0.0,2.8,2.2,128.12800000000001,no_action
2.0,49.91296979094451,0.0,2.8,2.2,128.12800000000001,no_action
1.0,43.27473190631268,0.0,1.4,1.1,125.81800000000003,no_action
2.0,47.18840716466257,0.0,2.8,2.2,128.12800000000001,no_action
2.0,37.03100570491325,0.0,2.8,2.2,128.12800000000001,no_action
1.0,9.355456602785742,0.0,33.61799547387137,26.38908679442852,178.92508226829992,no_action
1.0,24.592200519550598,0.0,1.4,1.1,125.81800000000003,no_action
3.0,33.951340843916775,0.3333333333333333,4.199999999999999,7.300000000000001,168.83800000000002,heavy_vehicle_ban
1.0,43.57911888562361,0.0,1.4,1.1,125.81800000000003,no_action
3.0,71.36768450928732,0.0,4.199999999999999,3.3000000000000003,130.43800000000002,no_action
1.0,82.50280006049502,1.0,1.4,5.1,224.21800000000002,no_action
5.0,47.07302859494739,0.0,7.0,5.5,135.05800000000002,rerouting
1.0,87.38210589052808,0.0,1.4,1.1,125.81800000000003,no_action
2.0,80.22884938631638,0.0,2.8,2.2,128.12800000000001,no_action
1.0,27.54043506270068,0.0,1.4,1.1,125.81800000000003,no_action
1.0,87.22777213545912,0.0,1.4,1.1,125.81800000000003,no_action
1.0,89.91974947237122,0.0,1.4,1.1,125.81800000000003,no_action
1.0,44.891275445477206,0.0,1.4,1.1,125.81800000000003,no_action
1.0,39.99599996388226,0.0,1.4,1.1,125.81800000000003,no_action
1.0,48.29964032264922,0.0,1.4,1.1,125.81800000000003,no_action
5.0,45.33308246492975,0.0,7.0,5.5,135.05800000000002,no_action
1.0,60.01196821425421,0.0,1.4,1.1,125.81800000000003,no_action
5.0,47.72405961025802,0.0,9.0,8.3,140.93800000000002,speed_harmonization
1.0,59.93006357849466,0.0,1.4,1.1,125.81800000000003,no_action
3.0,62.069332583015616,0.0,4.199999999999999,3.3000000000000003,130.43800000000002,no_action
1.0,41.40786511049153,0.0,1.4,1.1,125.81800000000003,no_action
1.0,49.99107891381166,0.0,1.4,1.1,125.81800000000003,no_action
1.0,86.00224927010947,0.0,1.4,1.1,125.81800000000003,no_action
2.0,79.6584043139916,0.0,2.8,2.2,128.12800000000001,no_action
5.0,60.38880203267989,0.2,7.0,9.5,161.45800000000003,heavy_vehicle_ban
1.0,49.46006661644819,0.0,1.4,1.1,125.81800000000003,no_action
1.0,72.61483484165089,0.0,1.4,1.1,125.81800000000003,no_action
4.0,42.06982675709075,0.25,5.6,8.4,163.64800000000002,no_action
6.0,28.21626582173545,0.0,12.399999999999999,12.2,149.12800000000001,idling_restriction
2.0,26.776908875894527,0.5,2.8,6.2,181.52800000000002,rerouting
1.0,49.991442855437256,0.0,1.4,1.1,125.81800000000003,no_action
1.0,41.73974515589211,0.0,1.4,1.1,125.81800000000003,no_action
2.0,49.28458438255908,0.0,2.8,2.2,128.12800000000001,no_action
7.0,44.39485562773801,0.0,9.799999999999999,7.700000000000001,139.67800000000003,no_action
2.0,39.99005303526829,0.5,2.8,6.2,181.52800000000002,heavy_vehicle_ban
1.0,50.004000000000005,0.0,3.4,3.9,131.69800000000004,no_action
1.0,79.88266981508305,0.0,1.4,1.1,125.81800000000003,no_action
1.0,74.6372211733802,0.0,1.4,1.1,125.81800000000003,no_action
2.0,44.74946846525447,0.0,2.8,2.2,128.12800000000001,no_action
1.0,50.0009690490743,0.0,1.4,1.1,125.81800000000003,no_action
6.0,32.1991771904634,0.16666666666666666,8.399999999999999,10.600000000000001,160.76800000000003,no_action
1.0,40.250990065858396,0.0,1.4,1.1,125.81800000000003,no_action
1.0,40.5737591749926,0.0,1.4,1.1,125.81800000000003,no_action
5.0,43.83833576740983,0.2,7.0,9.5,161.45800000000003,heavy_vehicle_ban
1.0,74.47326973911125,0.0,1.4,1.1,125.81800000000003,no_action
1.0,35.57800615055027,0.0,1.4,1.1,125.81800000000003,no_action
6.0,27.28958819304471,0.0,8.399999999999999,6.6000000000000005,137.36800000000002,no_action
1.0,74.98889584673886,0.0,1.4,1.1,125.81800000000003,no_action
3.0,49.673752821647255,0.0,4.199999999999999,3.3000000000000003,130.43800000000002,no_action
2.0,65.10841785799462,0.0,2.8,2.2,128.12800000000001,no_action
1.0,61.26393553437439,1.0,1.4,5.1,224.21800000000002,no_action
1.0,42.87314119903162,0.0,1.4,1.1,125.81800000000003,no_action
1.0,43.92350311750947,0.0,1.4,1.1,125.81800000000003,no_action
2.0,36.47235577257363,0.0,2.8,2.2,128.12800000000001,no_action
1.0,42.85718857607165,0.0,1.4,1.1,125.81800000000003,no_action
1.0,39.50774614136749,0.0,1.4,1.1,125.81800000000003,no_action
1.0,19.625153934186805,0.0,11.02466134478903,5.849692131626389,135.79235347641543,no_action
1.0,0.0,0.0,56.2,47.9,224.098,no_action
3.0,0.0,0.0,63.0,55.7,240.47800000000004,speed_harmonization
1.0,49.42160588405616,0.0,1.4,1.1,125.81800000000003,no_action
1.0,49.769666590047095,0.0,1.4,1.1,125.81800000000003,no_action
1.0,49.74397919762179,0.0,1.4,1.1,125.81800000000003,no_action
1.0,18.611721059342095,0.0,13.254213669447392,7.87655788131581,140.04877155076323,no_action
1.0,43.203411530068756,0.0,1.4,1.1,125.81800000000003,no_action
1.0,31.648469762977168,0.0,1.4,1.1,125.81800000000003,no_action
2.0,35.32116356916418,0.5,2.8,6.2,181.52800000000002,heavy_vehicle_ban
1.0,30.42621287775372,0.0,1.4,1.1,125.81800000000003,no_action
1.0,50.00264660411091,0.0,1.4,1.1,125.81800000000003,no_action
1.0,46.34370089471033,0.0,1.4,1.1,125.81800000000003,no_action
1.0,59.53934657603812,0.0,1.4,1.1,125.81800000000003,no_action
2.0,53.32800254299959,0.5,2.8,6.2,181.52800000000002,heavy_vehicle_ban
2.0,64.0610727181255,0.0,2.8,2.2,128.12800000000001,no_action
1.0,18.73753020603081,0.0,12.977433546732216,7.624939587938377,139.52037313467062,no_action
2.0,16.155983697298364,0.0,20.0568358659436,13.888032605403271,152.6728684713469,no_action
2.0,67.0439567536179,0.0,2.8,2.2,128.12800000000001,no_action
1.0,73.01477988114745,0.0,1.4,1.1,125.81800000000003,no_action
1.0,47.24293541414138,0.0,1.4,1.1,125.81800000000003,no_action
2.0,0.027552844103802286,0.0,59.53938374297164,51.74489431179239,232.17227805476404,heavy_vehicle_ban
1.0,49.71038021491701,0.0,1.4,1.1,125.81800000000003,no_action
3.0,27.123596670292518,0.0,4.199999999999999,3.3000000000000003,130.43800000000002,no_action
1.0,44.87217456793396,0.0,1.4,1.1,125.81800000000003,no_action
1.0,0.0,0.0,56.2,47.9,224.098,no_action
1.0,69.97586824290173,0.0,1.4,1.1,125.81800000000003,no_action
1.0,0.0,0.0,56.2,47.9,224.098,no_action
1.0,28.058617943911813,0.0,1.4,1.1,125.81800000000003,no_action
3.0,0.030337583294991848,0.0,62.933257316751025,55.639324833410015,240.35058215016107,idling_restriction
3.0,8.398328026899849,0.0,38.52367834082034,30.503343946200303,187.56502228702067,speed_harmonization
1.0,18.32767308619961,0.0,13.879119210360859,8.44465382760078,141.24177303796165,no_action
1.0,22.939075077888283,0.0,3.7340348286457767,1.1,125.81800000000003,no_action
2.0,30.200452185517776,0.5,2.8,6.2,181.52800000000002,heavy_vehicle_ban
3.0,12.430488710222708,0.0,29.652924837510046,22.439022579554585,170.62994741706467,speed_harmonization
3.0,29.984091063613885,0.0,4.199999999999999,3.3000000000000003,130.43800000000002,no_action
2.0,41.837641940792835,0.0,2.8,2.2,128.12800000000001,no_action
8.0,16.809642324449605,0.0,27.01878688621087,19.18071535110079,163.78750223731168,rerouting
1.0,28.76513036472932,1.0,1.4,5.1,224.21800000000002,no_action
1.0,34.539441583291584,0.0,1.4,1.1,125.81800000000003,no_action
5.0,11.950993279242617,0.0,41.50781478566624,36.79801344151477,200.78382822718106,speed_harmonization
2.0,8.323635592135311,0.0,39.28800169730231,32.35272881572938,191.4487305130317,idling_restriction
1.0,75.00598104797668,0.0,1.4,1.1,125.81800000000003,no_action
1.0,74.99963604203539,0.0,1.4,1.1,125.81800000000003,no_action
1.0,75.00599996923292,0.0,1.4,1.1,125.81800000000003,no_action
2.0,24.789840337280086,0.5,2.8,6.2,181.52800000000002,rerouting
1.0,39.996,0.0,3.4,3.9,131.69800000000004,no_action
1.0,43.7766257423238,0.0,1.4,1.1,125.81800000000003,no_action
3.0,0.0011713258278724051,0.0,62.99742308317869,55.69765734834425,240.47308043152296,speed_harmonization
1.0,49.78313547846776,0.0,1.4,1.1,125.81800000000003,no_action
7.0,43.291999898277346,0.0,9.799999999999999,7.700000000000001,139.67800000000003,rerouting
1.0,74.99025624668879,0.0,1.4,1.1,125.81800000000003,no_action
3.0,64.59582299810114,0.0,4.199999999999999,3.3000000000000003,130.43800000000002,no_action
1.0,0.0,0.0,56.2,47.9,224.098,no_action
1.0,48.42728760927924,0.0,1.4,1.1,125.81800000000003,no_action
1.0,49.44374195657929,0.0,1.4,1.1,125.81800000000003,no_action
1.0,39.99599999876579,0.0,1.4,1.1,125.81800000000003,no_action
2.0,19.99608535587668,0.0,13.608612217071304,9.00782928824664,142.42444150531796,no_action
2.0,49.93642446155496,0.0,2.8,2.2,128.12800000000001,no_action
5.0,1.6632632917477619,0.0,64.14082075815493,57.37347341650448,243.99229417465943,idling_restriction
1.0,44.178260921978676,0.0,1.4,1.1,125.81800000000003,no_action
3.0,33.23649092810385,0.3333333333333333,4.199999999999999,7.300000000000001,168.83800000000002,heavy_vehicle_ban
2.0,49.61819037001922,0.0,2.8,2.2,128.12800000000001,no_action
1.0,51.10296042192103,0.0,1.4,1.1,125.81800000000003,no_action
4.0,36.51914177747304,0.0,5.6,4.4,132.74800000000002,no_action
9.0,16.677128186774695,0.3333333333333333,34.71031798909567,40.94574362645061,239.4940616155463,heavy_vehicle_ban
1.0,39.08403938589596,0.0,1.4,1.1,125.81800000000003,no_action
1.0,37.41739919251808,0.0,1.4,1.1,125.81800000000003,no_action
1.0,39.44434478503317,0.0,1.4,1.1,125.81800000000003,no_action
2.0,62.27666519671002,0.0,2.8,2.2,128.12800000000001,no_action
3.0,48.4946611955668,0.0,4.199999999999999,3.3000000000000003,130.43800000000002,no_action
2.0,40.15648150444162,0.0,2.8,2.2,128.12800000000001,no_action
4.0,36.06979697031882,0.0,5.6,4.4,132.74800000000002,no_action
2.0,0.05833910198131062,0.0,59.47165397564112,51.683321796037376,232.04297577167853,speed_harmonization
1.0,11.981708667903366,0.0,27.840240930612595,21.13658266419327,167.8948235948059,no_action
1.0,21.40202073550735,0.0,7.115554381883831,2.295958528985301,128.32951291086917,no_action
4.0,32.38747340302525,0.25,5.6,8.4,163.64800000000002,heavy_vehicle_ban
3.0,61.54362574853054,0.3333333333333333,4.199999999999999,7.300000000000001,168.83800000000002,heavy_vehicle_ban
3.0,69.1207878841906,0.0,4.199999999999999,3.3000000000000003,130.43800000000002,no_action
3.0,65.81966889969671,0.3333333333333333,4.199999999999999,7.300000000000001,168.83800000000002,heavy_vehicle_ban
1.0,87.26851374267602,0.0,1.4,1.1,125.81800000000003,no_action
1.0,87.4566384933678,0.0,1.4,1.1,125.81800000000003,no_action
2.0,46.096323608952886,0.0,2.8,2.2,128.12800000000001,no_action
1.0,49.9257546802966,0.0,1.4,1.1,125.81800000000003,no_action
7.0,46.780079774922825,0.0,9.799999999999999,7.700000000000001,139.67800000000003,rerouting
4.0,42.645725916511495,0.0,5.6,4.4,132.74800000000002,no_action
3.0,51.60181715144622,0.0,6.199999999999999,6.1,136.318,speed_harmonization
2.0,49.669934564573126,0.0,2.8,2.2,128.12800000000001,no_action
2.0,62.819563280489476,0.0,2.8,2.2,128.12800000000001,no_action
1.0,70.00198554333059,0.0,1.4,1.1,125.81800000000003,no_action
2.0,48.783900349082806,0.0,2.8,2.2,128.12800000000001,no_action
1.0,0.0,0.0,56.2,47.9,224.098,no_action
2.0,72.08302864009687,0.5,2.8,6.2,181.52800000000002,heavy_vehicle_ban
5.0,65.45181706447435,0.0,7.0,5.5,135.05800000000002,rerouting
3.0,19.765936402825503,0.0,15.514939913783895,10.568127194348994,145.70106710813292,no_action
2.0,69.42318675510165,0.0,2.8,2.2,128.12800000000001,no_action
6.0,39.03765082491666,0.0,8.399999999999999,6.6000000000000005,137.36800000000002,speed_harmonization
2.0,0.0039942899002248,0.5,59.59121256221951,55.79201142019955,285.67122398241906,speed_harmonization
1.0,49.484191327772244,0.0,1.4,1.1,125.81800000000003,no_action
1.0,39.99599999876579,0.0,1.4,1.1,125.81800000000003,no_action
1.0,38.872612633384136,0.0,1.4,1.1,125.81800000000003,no_action
1.0,6.0244478946085955,0.0,40.94621463186109,33.05110421078281,192.91531884264393,no_action
1.0,39.87087834182165,0.0,1.4,1.1,125.81800000000003,no_action
7.0,48.79866847271278,0.0,9.799999999999999,7.700000000000001,139.67800000000003,rerouting
2.0,59.9052354196745,0.5,2.8,6.2,181.52800000000002,no_action
2.0,44.96268142974652,0.0,2.8,2.2,128.12800000000001,no_action
3.0,59.265049893022564,0.0,4.199999999999999,3.3000000000000003,130.43800000000002,no_action
1.0,50.003990849047085,0.0,1.4,1.1,125.81800000000003,no_action
9.0,34.32847898382313,0.0,12.6,9.9,144.29800000000003,rerouting
6.0,45.814340042301836,0.3333333333333333,8.399999999999999,14.600000000000001,184.16800000000003,heavy_vehicle_ban
1.0,64.35956166590218,1.0,1.4,5.1,224.21800000000002,no_action
1.0,0.0861546743120404,0.0,56.01045971651351,47.727690651375916,223.73615036788945,no_action
1.0,82.95848695010018,0.0,1.4,1.1,125.81800000000003,no_action
7.0,19.71349810463456,0.14285714285714285,29.230304169803965,30.273003790730883,199.93845081767773,heavy_vehicle_ban
1.0,55.913738454896205,0.0,1.4,1.1,125.81800000000003,no_action
2.0,49.43686540358095,0.0,2.8,2.2,128.12800000000001,no_action
2.0,47.65712205281955,0.0,2.8,2.2,128.12800000000001,no_action
2.0,52.01068739606089,0.0,2.8,2.2,128.12800000000001,no_action
1.0,41.96992858002266,0.0,1.4,1.1,125.81800000000003,no_action
1.0,40.31851648899375,0.0,1.4,1.1,125.81800000000003,no_action
1.0,0.0,0.0,56.2,47.9,224.098,no_action
1.0,4.734490428239218,0.0,43.78412105787372,35.63101914352156,198.3331402013953,no_action
1.0,0.0,0.0,56.2,47.9,224.098,no_action
3.0,0.0,0.0,63.0,55.7,240.47800000000004,speed_harmonization
1.0,29.837616189630353,0.0,1.4,1.1,125.81800000000003,no_action
1.0,40.58029274519839,0.0,1.4,1.1,125.81800000000003,no_action
1.0,39.88692689475249,0.0,1.4,1.1,125.81800000000003,no_action
1.0,39.93358032908593,0.0,1.4,1.1,125.81800000000003,no_action
3.0,27.01427639371659,0.0,4.199999999999999,3.3000000000000003,130.43800000000002,no_action
1.0,50.00399999220612,0.0,1.4,1.1,125.81800000000003,no_action
1.0,45.4026820574936,0.0,1.4,1.1,125.81800000000003,no_action
4.0,45.38281496184053,0.25,5.6,8.4,163.64800000000002,rerouting
1.0,35.61798455335926,0.0,1.4,1.1,125.81800000000003,no_action
1.0,10.072995466737613,0.0,32.03940997317726,24.954009066524776,175.91141903970205,no_action
1.0,17.61551629982369,0.0,15.445864140387886,9.868967400352622,144.23283154074053,no_action
1.0,58.43474586273645,0.0,1.4,1.1,125.81800000000003,no_action
1.0,46.83995738136518,0.0,1.4,1.1,125.81800000000003,no_action
1.0,39.993065697773574,0.0,1.4,1.1,125.81800000000003,no_action
1.0,39.317827961529346,0.0,1.4,1.1,125.81800000000003,no_action
2.0,31.342122113004454,0.0,2.8,2.2,128.12800000000001,no_action
1.0,46.34437318677018,0.0,1.4,1.1,125.81800000000003,no_action
1.0,45.42413754768636,0.0,1.4,1.1,125.81800000000003,no_action
1.0,69.92158097653046,0.0,1.4,1.1,125.81800000000003,no_action
3.0,30.78381494741171,0.0,4.199999999999999,3.3000000000000003,130.43800000000002,no_action
1.0,49.976079243584365,0.0,1.4,1.1,125.81800000000003,no_action
1.0,39.995999703296214,0.0,1.4,1.1,125.81800000000003,no_action
2.0,31.87996542522883,0.0,2.8,2.2,128.12800000000001,no_action
1.0,0.0,0.0,56.2,47.9,224.098,no_action
1.0,11.266340093166528,0.0,29.41405179503364,22.567319813666945,170.89937160870062,no_action
6.0,21.878636462223287,0.0,19.066999783108766,15.242727075553425,155.51772685866223,idling_restriction
1.0,33.33395542152476,0.0,1.4,1.1,125.81800000000003,no_action
2.0,42.451720901874296,0.0,2.8,2.2,128.12800000000001,no_action
2.0,29.561713900611274,0.5,2.8,6.2,181.52800000000002,heavy_vehicle_ban
1.0,24.650881244837485,0.0,1.4,1.1,125.81800000000003,no_action
7.0,16.111233164372567,0.0,33.15528703838035,27.877533671254866,182.05082070963525,rerouting
6.0,11.412758781022438,0.0,36.09193068175064,27.774482437955125,181.8344131197058,speed_harmonization
5.0,27.431761453724732,0.0,7.0,5.5,135.05800000000002,rerouting
4.0,14.690925252030155,0.0,32.07996444553366,27.418149495939687,181.08611394147337,idling_restriction
2.0,0.0009540475100007784,0.0,59.597901095478,51.79809190498,232.28399300045803,speed_harmonization
2.0,19.205625014637622,0.0,15.34762496779723,10.588749970724756,145.74437493852201,idling_restriction
1.0,64.00171911976109,0.0,1.4,1.1,125.81800000000003,no_action
2.0,51.271985343246094,0.5,2.8,6.2,181.52800000000002,heavy_vehicle_ban
1.0,46.838282400000004,0.0,1.4,1.1,125.81800000000003,no_action
1.0,39.34612501420395,0.0,1.4,1.1,125.81800000000003,no_action
1.0,69.80579949490833,0.0,1.4,1.1,125.81800000000003,no_action
4.0,4.477813284666922,0.0,54.548810773732775,47.84437343066615,223.98118420439894,idling_restriction
1.0,47.101377279569626,0.0,1.4,1.1,125.81800000000003,no_action
5.0,43.358069458318134,0.2,7.0,9.5,161.45800000000003,heavy_vehicle_ban
1.0,40.38546368907233,0.0,1.4,1.1,125.81800000000003,no_action
4.0,61.90828178005002,0.0,5.6,4.4,132.74800000000002,no_action
1.0,49.77017323658869,0.0,1.4,1.1,125.81800000000003,no_action
2.0,13.833154899972179,0.5,27.16705922006121,25.333690200055642,221.70874942011687,heavy_vehicle_ban
2.0,36.09527654722257,0.0,2.8,2.2,128.12800000000001,no_action
1.0,30.6133858181068,0.0,1.4,1.1,125.81800000000003,no_action
3.0,19.942404656859374,0.0,13.126709754909378,7.415190686281253,139.07990044119066,no_action
1.0,21.46723189808311,0.0,6.972089824217159,2.16553620383378,128.05562602805097,no_action
6.0,39.55031372082609,0.16666666666666666,8.399999999999999,10.600000000000001,160.76800000000003,heavy_vehicle_ban
4.0,46.968333124428646,0.0,5.6,4.4,132.74800000000002,no_action
2.0,35.77091090286269,0.5,2.8,6.2,181.52800000000002,rerouting
3.0,44.57999020924901,0.0,4.199999999999999,3.3000000000000003,130.43800000000002,no_action
8.0,27.492378365284797,0.375,11.2,20.8,200.93800000000005,heavy_vehicle_ban
4.0,43.31753749356916,0.0,5.6,4.4,132.74800000000002,no_action
1.0,38.186129955154776,0.0,1.4,1.1,125.81800000000003,no_action
1.0,69.97433919528392,0.0,1.4,1.1,125.81800000000003,no_action
2.0,53.68214417771725,0.0,2.8,2.2,128.12800000000001,no_action
3.0,49.56030814851002,0.0,4.199999999999999,3.3000000000000003,130.43800000000002,no_action
4.0,35.3811766520114,0.25,5.6,8.4,163.64800000000002,heavy_vehicle_ban
5.0,39.461927595857496,0.0,7.0,5.5,135.05800000000002,no_action
1.0,24.435064512629616,0.0,1.4,1.1,125.81800000000003,no_action
5.0,8.288366726824034,0.2,41.56559320098713,36.92326654635193,219.04685974733908,speed_harmonization
3.0,58.9741410579857,0.0,4.199999999999999,3.3000000000000003,130.43800000000002,no_action
2.0,74.9284964820533,0.0,2.8,2.2,128.12800000000001,no_action
7.0,45.84281687216984,0.14285714285714285,9.799999999999999,11.700000000000001,160.9351428571429,no_action
1.0,87.44663888550537,0.0,1.4,1.1,125.81800000000003,no_action
1.0,11.683899441737848,0.0,28.495421228176735,21.732201116524305,169.14562234470105,no_action
1.0,91.53356135861591,0.0,1.4,1.1,125.81800000000003,no_action
2.0,49.40867764936944,0.0,2.8,2.2,128.12800000000001,no_action
1.0,50.00399968554479,0.0,1.4,1.1,125.81800000000003,no_action
7.0,40.71122893743091,0.0,9.799999999999999,7.700000000000001,139.67800000000003,rerouting
7.0,42.69609619766698,0.0,9.799999999999999,7.700000000000001,139.67800000000003,rerouting
2.0,85.04876923581615,0.0,2.8,2.2,128.12800000000001,no_action
1.0,87.32871571671461,0.0,1.4,1.1,125.81800000000003,no_action
2.0,56.370985958023155,0.0,2.8,2.2,128.12800000000001,no_action
2.0,59.977221391011014,0.0,2.8,2.2,128.12800000000001,no_action
1.0,64.8498776574278,0.0,1.4,1.1,125.81800000000003,no_action
3.0,45.702127934039204,0.0,4.199999999999999,3.3000000000000003,130.43800000000002,no_action
3.0,61.93313290414015,0.3333333333333333,4.199999999999999,7.300000000000001,168.83800000000002,no_action
2.0,77.96838535956032,0.0,2.8,2.2,128.12800000000001,no_action
3.0,74.89245694422698,0.0,4.199999999999999,3.3000000000000003,130.43800000000002,no_action
2.0,27.146761127164705,0.0,2.8,2.2,128.12800000000001,no_action
1.0,74.00158014307878,0.0,1.4,1.1,125.81800000000003,no_action
1.0,74.8030122581155,0.0,1.4,1.1,125.81800000000003,no_action
3.0,56.252875324588686,0.0,4.199999999999999,3.3000000000000003,130.43800000000002,no_action
7.0,27.02477729851029,0.0,15.799999999999999,16.1,157.31800000000004,idling_restriction
1.0,42.22530472660758,0.0,1.4,1.1,125.81800000000003,no_action
1.0,37.55878447138981,0.0,1.4,1.1,125.81800000000003,no_action
2.0,7.757857002712971,0.0,38.53271459403147,30.684285994574058,187.94500058860555,idling_restriction
1.0,24.25648911162829,0.0,1.4,1.1,125.81800000000003,no_action
1.0,13.661620872600619,0.0,24.14443408027864,17.776758254798764,160.83919233507743,no_action
1.0,50.00203337600278,0.0,1.4,1.1,125.81800000000003,no_action
1.0,49.50896031180885,0.0,1.4,1.1,125.81800000000003,no_action
1.0,49.998018764077564,0.0,1.4,1.1,125.81800000000003,no_action
6.0,48.614994669604,0.0,8.399999999999999,6.6000000000000005,137.36800000000002,no_action
1.0,74.9017085093231,0.0,1.4,1.1,125.81800000000003,no_action
1.0,64.97614978731221,1.0,1.4,5.1,224.21800000000002,no_action
1.0,74.75332024164122,0.0,1.4,1.1,125.81800000000003,no_action
4.0,57.7579905712298,0.0,5.6,4.4,132.74800000000002,no_action
1.0,2.6722825900193334,0.0,48.320978301957474,39.75543481996134,206.99441312191885,no_action
1.0,49.93326915312081,0.0,1.4,1.1,125.81800000000003,no_action
4.0,38.135292899332285,0.0,5.6,4.4,132.74800000000002,no_action
7.0,41.282582722333636,0.14285714285714285,9.799999999999999,11.700000000000001,160.9351428571429,heavy_vehicle_ban
2.0,49.49674892358684,0.5,2.8,6.2,181.52800000000002,heavy_vehicle_ban
1.0,40.85944136555575,0.0,1.4,1.1,125.81800000000003,no_action
1.0,16.446809494903622,0.0,18.017019111212033,12.206381010192755,149.1414001214048,no_action
3.0,63.13616733304022,0.0,4.199999999999999,3.3000000000000003,130.43800000000002,no_action
5.0,31.788806496019525,0.2,7.0,9.5,161.45800000000003,heavy_vehicle_ban
1.0,74.07574229276706,0.0,1.4,1.1,125.81800000000003,no_action
1.0,75.0050800235302,0.0,1.4,1.1,125.81800000000003,no_action
1.0,74.67464474541487,0.0,1.4,1.1,125.81800000000003,no_action
2.0,50.544334102400484,0.0,2.8,2.2,128.12800000000001,no_action
1.0,62.80902997553424,0.0,1.4,1.1,125.81800000000003,no_action
2.0,24.21798998178875,0.0,2.8,2.2,128.12800000000001,no_action
1.0,29.21538393930319,0.0,1.4,1.1,125.81800000000003,no_action
2.0,9.183244913248192,0.0,35.396861190853976,27.833510173503615,181.95837136435762,idling_restriction
1.0,40.288034544036684,0.0,1.4,1.1,125.81800000000003,no_action
1.0,0.0,1.0,56.2,51.9,322.49800000000005,no_action
1.0,36.131139873792726,0.0,1.4,1.1,125.81800000000003,no_action
1.0,39.86169907644611,0.0,1.4,1.1,125.81800000000003,no_action
2.0,41.781903031135194,0.0,2.8,2.2,128.12800000000001,no_action
1.0,15.260031909923686,0.0,20.62792979816789,14.579936180152627,154.12586597832055,no_action
1.0,50.00399999758814,0.0,1.4,1.1,125.81800000000003,no_action
1.0,57.39370104203742,0.0,1.4,1.1,125.81800000000003,no_action
4.0,39.55046943421168,0.0,5.6,4.4,132.74800000000002,no_action
1.0,74.92085826394548,0.0,1.4,1.1,125.81800000000003,no_action
1.0,44.351313762250065,0.0,1.4,1.1,125.81800000000003,no_action
1.0,50.00303031317127,0.0,1.4,1.1,125.81800000000003,no_action
1.0,20.955278655525756,0.0,8.098386957843337,3.1894426889484877,130.20582964679184,no_action
1.0,35.519879680912716,0.0,1.4,1.1,125.81800000000003,no_action
1.0,4.3198205408059644,1.0,44.696394810226884,40.460358918388074,298.474753728615,no_action
1.0,27.499016920481022,0.0,1.4,1.1,125.81800000000003,no_action
1.0,71.80591739953326,0.0,1.4,1.1,125.81800000000003,no_action
1.0,38.992132328076956,0.0,1.4,1.1,125.81800000000003,no_action
1.0,39.767867774692434,0.0,1.4,1.1,125.81800000000003,no_action
1.0,44.11803745525585,0.0,1.4,1.1,125.81800000000003,no_action
1.0,13.990852978750047,0.0,23.420123446749898,17.118294042499908,159.45641748924982,no_action
1.0,50.021603738424034,0.0,1.4,1.1,125.81800000000003,no_action
3.0,58.93968082377679,0.0,4.199999999999999,3.3000000000000003,130.43800000000002,no_action
1.0,3.139884830973121,0.0,47.29225337185914,38.82023033805376,205.03048370991291,no_action
1.0,48.00190314492812,0.0,1.4,1.1,125.81800000000003,no_action
1.0,39.58575050701161,0.0,1.4,1.1,125.81800000000003,no_action
2.0,40.42724767791421,0.0,2.8,2.2,128.12800000000001,no_action
1.0,50.00395266442061,0.0,1.4,1.1,125.81800000000003,no_action
1.0,38.80775116451251,0.0,1.4,1.1,125.81800000000003,no_action
3.0,25.739193245647613,0.0,6.199999999999999,6.1,136.318,no_action
1.0,39.65575322146812,0.0,1.4,1.1,125.81800000000003,no_action
3.0,41.09181814750448,0.0,4.199999999999999,3.3000000000000003,130.43800000000002,no_action
1.0,48.62067721482029,0.0,1.4,1.1,125.81800000000003,no_action
1.0,21.24726165982382,0.0,7.456024348387595,2.6054766803523592,128.97950102873997,no_action
2.0,41.21468495230599,0.0,2.8,2.2,128.12800000000001,no_action
2.0,34.47907340785488,0.0,2.8,2.2,128.12800000000001,no_action
2.0,14.493754311301032,0.0,23.713740515137733,17.212491377397935,159.65423189253568,no_action
2.0,62.90169963860836,0.0,2.8,2.2,128.12800000000001,no_action
10.0,3.0271383204738,0.1,74.14029569495764,72.5457233590524,284.85401905401005,idling_restriction
1.0,39.92482953891005,0.0,1.4,1.1,125.81800000000003,no_action
1.0,9.98286236855153,0.0,32.237702789186635,25.134275262896942,176.2899780520836,no_action
5.0,25.169163656698885,0.0,7.0,5.5,135.05800000000002,no_action
2.0,37.07417698453022,0.0,2.8,2.2,128.12800000000001,no_action
4.0,0.1327179632985851,0.0,64.10802048074311,56.53456407340283,242.23058455414596,idling_restriction
2.0,0.0,0.0,59.6,51.8,232.288,speed_harmonization
1.0,49.47659539288152,0.0,1.4,1.1,125.81800000000003,no_action
2.0,53.61647969839232,0.5,2.8,6.2,181.52800000000002,rerouting
1.0,44.517381033066336,0.0,1.4,1.1,125.81800000000003,no_action
1.0,65.45861006853954,0.0,1.4,1.1,125.81800000000003,no_action
3.0,0.010380993808647898,0.0,62.97716181362098,55.6792380123827,240.4343998260037,speed_harmonization
1.0,39.687507631541315,0.0,1.4,1.1,125.81800000000003,no_action
1.0,47.79882209625263,0.0,1.4,1.1,125.81800000000003,no_action
1.0,79.47235765968547,0.0,1.4,1.1,125.81800000000003,no_action
6.0,38.267085317154695,0.16666666666666666,8.399999999999999,10.600000000000001,160.76800000000003,heavy_vehicle_ban
1.0,39.358463715351334,0.0,1.4,1.1,125.81800000000003,no_action
3.0,56.57347126639297,0.0,4.199999999999999,3.3000000000000003,130.43800000000002,no_action
5.0,58.0892558985965,0.0,7.0,5.5,135.05800000000002,no_action
1.0,47.97852045977963,0.0,1.4,1.1,125.81800000000003,no_action
2.0,30.23549961716541,0.5,2.8,6.2,181.52800000000002,heavy_vehicle_ban
2.0,36.69611354712789,0.0,2.8,2.2,128.12800000000001,no_action
1.0,9.391230973821044,0.0,33.5392918575937,26.317538052357914,178.77482990995165,no_action
6.0,36.88441531710424,0.16666666666666666,8.399999999999999,10.600000000000001,160.76800000000003,heavy_vehicle_ban
4.0,35.77447263011777,0.0,7.6,7.2,138.62800000000001,no_action
1.0,43.835038330869715,0.0,1.4,1.1,125.81800000000003,no_action
2.0,29.614304739816184,0.5,2.8,6.2,181.52800000000002,no_action
9.0,32.117087901969626,0.2222222222222222,12.6,17.9,181.098,rerouting
1.0,36.9607752,0.0,1.4,1.1,125.81800000000003,no_action
3.0,30.36253789769797,0.3333333333333333,4.199999999999999,7.300000000000001,168.83800000000002,heavy_vehicle_ban
2.0,46.43367683509375,0.0,2.8,2.2,128.12800000000001,no_action
1.0,75.00599998779616,0.0,1.4,1.1,125.81800000000003,no_action
3.0,52.68299180588194,0.0,4.199999999999999,3.3000000000000003,130.43800000000002,no_action
1.0,55.51062279752398,0.0,1.4,1.1,125.81800000000003,no_action
3.0,30.556631962081436,0.3333333333333333,4.199999999999999,7.300000000000001,168.83800000000002,heavy_vehicle_ban
2.0,48.29154297303317,0.0,2.8,2.2,128.12800000000001,no_action
2.0,27.099459733716884,0.0,2.8,2.2,128.12800000000001,no_action
2.0,28.559069466466646,0.0,2.8,2.2,128.12800000000001,no_action
2.0,71.05664406340942,0.5,2.8,6.2,181.52800000000002,rerouting
1.0,84.96452941344263,0.0,1.4,1.1,125.81800000000003,no_action
7.0,56.047998582311536,0.0,9.799999999999999,7.700000000000001,139.67800000000003,rerouting
3.0,61.979411098583746,0.3333333333333333,4.199999999999999,7.300000000000001,168.83800000000002,heavy_vehicle_ban
1.0,0.0,0.0,56.2,47.9,224.098,no_action
3.0,45.231826579034,0.0,4.199999999999999,3.3000000000000003,130.43800000000002,no_action
8.0,38.57889487524205,0.0,11.2,8.8,141.98800000000003,rerouting
4.0,48.04550310796619,0.0,5.6,4.4,132.74800000000002,no_action
2.0,77.44000638153655,0.0,2.8,2.2,128.12800000000001,no_action
1.0,64.91176283614237,0.0,1.4,1.1,125.81800000000003,no_action
3.0,57.1313268812376,0.0,4.199999999999999,3.3000000000000003,130.43800000000002,no_action
1.0,64.9979998444707,0.0,1.4,1.1,125.81800000000003,no_action
2.0,46.073585319876805,0.0,2.8,2.2,128.12800000000001,no_action
2.0,28.059769490297086,0.0,2.8,2.2,128.12800000000001,no_action
1.0,85.56438299097059,0.0,1.4,1.1,125.81800000000003,no_action
4.0,71.77802149701137,0.0,5.6,4.4,132.74800000000002,no_action
3.0,61.6847247869505,0.0,4.199999999999999,3.3000000000000003,130.43800000000002,no_action
8.0,29.9331188656059,0.125,17.2,21.2,179.27800000000002,idling_restriction
1.0,1.3712275094724315,0.0,51.18329947916065,42.357544981055135,212.4588444602158,no_action
1.0,8.629906906697837,1.0,35.21420480526476,31.840186186604328,280.3723909918691,no_action
1.0,49.13368853081664,0.0,1.4,1.1,125.81800000000003,no_action
1.0,0.0,0.0,56.2,47.9,224.098,no_action
1.0,50.00399998976731,0.0,1.4,1.1,125.81800000000003,no_action
1.0,36.842977707279694,0.0,1.4,1.1,125.81800000000003,no_action
1.0,35.781685026150406,0.0,1.4,1.1,125.81800000000003,no_action
1.0,39.40213015437507,0.0,1.4,1.1,125.81800000000003,no_action
5.0,46.115711588167905,0.0,7.0,5.5,135.05800000000002,no_action
1.0,49.99542034363833,0.0,1.4,1.1,125.81800000000003,no_action
1.0,74.51188197264234,0.0,1.4,1.1,125.81800000000003,no_action
3.0,26.921608276475606,0.0,6.199999999999999,6.1,136.318,no_action
1.0,73.77578104563348,0.0,1.4,1.1,125.81800000000003,no_action
2.0,50.133618074991844,0.5,2.8,6.2,181.52800000000002,heavy_vehicle_ban
1.0,79.76947908763991,0.0,1.4,1.1,125.81800000000003,no_action
1.0,0.0,0.0,56.2,47.9,224.098,no_action
2.0,48.34115313826378,0.0,2.8,2.2,128.12800000000001,no_action
5.0,47.623759118753874,0.0,7.0,5.5,135.05800000000002,rerouting
3.0,41.03721812858936,0.0,4.199999999999999,3.3000000000000003,130.43800000000002,no_action
9.0,42.12948961003709,0.1111111111111111,12.6,13.9,162.69800000000004,heavy_vehicle_ban
1.0,74.70818090078507,0.0,1.4,1.1,125.81800000000003,no_action
1.0,0.06955309226658327,0.0,56.04698319701352,47.76089381546683,223.80587701248038,no_action
2.0,66.51093127969345,0.0,2.8,2.2,128.12800000000001,no_action
3.0,42.14800179116872,0.0,4.199999999999999,3.3000000000000003,130.43800000000002,no_action
1.0,68.62387006670261,0.0,1.4,1.1,125.81800000000003,no_action
2.0,32.18887769747547,0.0,2.8,2.2,128.12800000000001,no_action
1.0,69.86627163313644,0.0,1.4,1.1,125.81800000000003,no_action
2.0,65.40486884230448,0.0,2.8,2.2,128.12800000000001,no_action
2.0,46.349311409377556,0.0,2.8,2.2,128.12800000000001,no_action
1.0,74.85842986403357,0.0,1.4,1.1,125.81800000000003,no_action
1.0,46.515804406727796,0.0,1.4,1.1,125.81800000000003,no_action
1.0,9.358612949657289,0.0,33.61105151075397,26.382774100685424,178.9118256114394,no_action
1.0,31.9662264998046,0.0,1.4,1.1,125.81800000000003,no_action
1.0,28.97278379226878,1.0,1.4,5.1,224.21800000000002,no_action
1.0,0.0,0.0,56.2,47.9,224.098,no_action
1.0,49.92101567609271,0.0,1.4,1.1,125.81800000000003,no_action
1.0,48.40843465413878,0.0,1.4,1.1,125.81800000000003,no_action
1.0,3.105237781417116,0.0,47.36847688088235,38.88952443716577,205.17600131804812,no_action
1.0,29.901769457536098,1.0,1.4,5.1,224.21800000000002,no_action
2.0,33.53133090767177,0.0,2.8,2.2,128.12800000000001,no_action
1.0,0.0,0.0,56.2,47.9,224.098,no_action
1.0,29.95379499512023,1.0,1.4,5.1,224.21800000000002,no_action
2.0,33.933333754795704,0.5,2.8,6.2,181.52800000000002,heavy_vehicle_ban
1.0,18.647811795628023,0.0,13.174814049618352,7.804376408743954,139.89719045836233,no_action
2.0,44.271261918010154,0.0,2.8,2.2,128.12800000000001,no_action
1.0,0.0,0.0,56.2,47.9,224.098,no_action
1.0,43.916912896761566,0.0,1.4,1.1,125.81800000000003,no_action
1.0,50.003999997588146,0.0,1.4,1.1,125.81800000000003,no_action
1.0,71.29106170603161,0.0,1.4,1.1,125.81800000000003,no_action
2.0,48.27803874111474,0.0,2.8,2.2,128.12800000000001,no_action
1.0,79.88533478758724,0.0,1.4,1.1,125.81800000000003,no_action
1.0,44.24753612293579,0.0,1.4,1.1,125.81800000000003,no_action
1.0,46.75198894853238,0.0,1.4,1.1,125.81800000000003,no_action
1.0,44.255570378107876,0.0,1.4,1.1,125.81800000000003,no_action
2.0,47.71904912430341,0.0,2.8,2.2,128.12800000000001,no_action
2.0,24.293786642589193,0.5,2.8,6.2,181.52800000000002,heavy_vehicle_ban
1.0,45.45030677945364,0.0,1.4,1.1,125.81800000000003,no_action
1.0,74.87498920234461,0.0,1.4,1.1,125.81800000000003,no_action
2.0,49.21904688054314,0.0,2.8,2.2,128.12800000000001,no_action
1.0,28.137574864745336,0.0,1.4,1.1,125.81800000000003,no_action
1.0,36.93102184713617,0.0,1.4,1.1,125.81800000000003,no_action
1.0,51.7291379002743,0.0,1.4,1.1,125.81800000000003,no_action
1.0,31.185258391383258,0.0,1.4,1.1,125.81800000000003,no_action
1.0,43.062937500557055,0.0,1.4,1.1,125.81800000000003,no_action
3.0,61.51879227863979,0.0,4.199999999999999,3.3000000000000003,130.43800000000002,no_action
2.0,13.98544771482035,0.5,26.832015027395233,25.0291045703593,221.06911959775456,heavy_vehicle_ban
1.0,29.194553908457756,0.0,1.4,1.1,125.81800000000003,no_action
3.0,43.149532744208265,0.0,4.199999999999999,3.3000000000000003,130.43800000000002,no_action
1.0,0.0,1.0,56.2,51.9,322.49800000000005,no_action
1.0,50.00399999739993,0.0,1.4,1.1,125.81800000000003,no_action
1.0,46.961682102432356,0.0,1.4,1.1,125.81800000000003,no_action
7.0,0.9225708926190824,0.0,68.57034403623803,61.054858214761836,251.72320225099986,rerouting
1.0,8.139581783408998,0.0,36.29292007650021,28.820836433182006,184.03175650968222,no_action
1.0,15.805668581828149,0.0,19.42752911997807,13.488662836343702,151.8341919563218,no_action
4.0,40.58581092845175,0.0,5.6,4.4,132.74800000000002,no_action
1.0,53.8118526149204,0.0,1.4,1.1,125.81800000000003,no_action
1.0,24.249459599961988,1.0,1.4,5.1,224.21800000000002,no_action
3.0,29.6677703153263,0.0,4.199999999999999,3.3000000000000003,130.43800000000002,no_action
2.0,25.768144227873762,0.0,2.8,2.2,128.12800000000001,no_action
1.0,75.00392514909534,0.0,1.4,1.1,125.81800000000003,no_action
12.0,0.019799940431379715,0.08333333333333333,93.55644013105096,94.76040011913724,330.00484025018824,speed_harmonization
1.0,22.984709707446182,0.0,3.6336386436183994,1.1,125.81800000000003,no_action
3.0,10.786989133664807,0.0,33.268623905937424,25.726021732670386,177.53264563860785,speed_harmonization
2.0,37.69462055531719,0.0,2.8,2.2,128.12800000000001,no_action
3.0,5.04801667774207,0.0,45.894363308967456,37.20396664451586,201.6363299534833,speed_harmonization
1.0,0.7766434300943903,0.0,52.49138445379235,43.546713139811224,214.9560975936036,no_action
1.0,50.0039999773444,0.0,1.4,1.1,125.81800000000003,no_action
3.0,35.41779607520202,0.3333333333333333,4.199999999999999,7.300000000000001,168.83800000000002,rerouting
4.0,34.50444540673121,0.25,5.6,8.4,163.64800000000002,heavy_vehicle_ban
2.0,50.44668549834916,0.0,2.8,2.2,128.12800000000001,no_action
1.0,45.78254943671861,0.0,1.4,1.1,125.81800000000003,no_action
1.0,32.058848205753314,0.0,1.4,1.1,125.81800000000003,no_action
1.0,55.90665122726781,0.0,1.4,1.1,125.81800000000003,no_action
1.0,32.04616234184634,0.0,1.4,1.1,125.81800000000003,no_action
1.0,38.58447161897618,0.0,1.4,1.1,125.81800000000003,no_action
2.0,3.115596118812636,0.0,50.7456885386122,42.76880776237473,213.32249630098696,speed_harmonization
1.0,47.798823597890234,0.0,1.4,1.1,125.81800000000003,no_action
1.0,58.513250151688275,0.0,1.4,1.1,125.81800000000003,no_action
6.0,36.491532989205716,0.16666666666666666,8.399999999999999,10.600000000000001,160.76800000000003,rerouting
3.0,50.97695301969473,0.0,4.199999999999999,3.3000000000000003,130.43800000000002,no_action
4.0,59.740864258848724,0.0,5.6,4.4,132.74800000000002,no_action
2.0,29.992445658522655,0.5,2.8,6.2,181.52800000000002,heavy_vehicle_ban
1.0,44.18593469137153,0.0,1.4,1.1,125.81800000000003,no_action
1.0,48.60577073392253,0.0,1.4,1.1,125.81800000000003,no_action
1.0,45.3510992751257,0.0,1.4,1.1,125.81800000000003,no_action
1.0,1.7794327704385298,0.0,50.28524790503524,41.541134459122944,210.7443823641582,no_action
4.0,42.169633706008895,0.0,5.6,4.4,132.74800000000002,no_action
5.0,28.340413907312488,0.0,11.0,11.1,146.818,idling_restriction
2.0,25.7347382394978,0.0,2.8,2.2,128.12800000000001,no_action
1.0,24.29342257620208,0.0,1.4,1.1,125.81800000000003,no_action
10.0,27.446709945922326,0.1,14.0,15.0,164.00800000000004,heavy_vehicle_ban
3.0,32.62277737310893,0.0,4.199999999999999,3.3000000000000003,130.43800000000002,no_action
1.0,49.59825142928363,0.0,1.4,1.1,125.81800000000003,no_action
2.0,56.20759703594109,0.5,2.8,6.2,181.52800000000002,heavy_vehicle_ban
1.0,75.00599999879404,0.0,1.4,1.1,125.81800000000003,no_action
3.0,36.487668984884515,0.0,6.199999999999999,6.1,136.318,speed_harmonization
4.0,35.787422972789436,0.25,5.6,8.4,163.64800000000002,heavy_vehicle_ban
4.0,30.815145471720754,0.5,5.6,12.4,194.54800000000003,rerouting
1.0,33.85633553580608,0.0,1.4,1.1,125.81800000000003,no_action
1.0,48.9660670915855,0.0,1.4,1.1,125.81800000000003,no_action
2.0,69.83815303736354,0.5,2.8,6.2,181.52800000000002,heavy_vehicle_ban
3.0,54.97773963275062,0.3333333333333333,4.199999999999999,7.300000000000001,168.83800000000002,heavy_vehicle_ban
5.0,56.667637106711716,0.0,7.0,5.5,135.05800000000002,no_action
5.0,47.57691087406432,0.2,7.0,9.5,161.45800000000003,heavy_vehicle_ban
1.0,35.537575358946654,0.0,1.4,1.1,125.81800000000003,no_action
1.0,49.533246019357456,0.0,1.4,1.1,125.81800000000003,no_action
2.0,41.783225455564676,0.0,2.8,2.2,128.12800000000001,no_action
5.0,45.77638305250748,0.0,7.0,5.5,135.05800000000002,no_action
3.0,47.15279062320667,0.0,4.199999999999999,3.3000000000000003,130.43800000000002,no_action
1.0,87.50263951090928,0.0,1.4,1.1,125.81800000000003,no_action
3.0,59.30493232374874,0.0,4.199999999999999,3.3000000000000003,130.43800000000002,no_action
3.0,44.976556670545556,0.0,4.199999999999999,3.3000000000000003,130.43800000000002,no_action
1.0,64.84747446733489,0.0,1.4,1.1,125.81800000000003,no_action
3.0,43.15633491203592,0.0,4.199999999999999,3.3000000000000003,130.43800000000002,no_action
1.0,50.003940988188056,0.0,1.4,1.1,125.81800000000003,no_action
1.0,90.00719999918755,0.0,1.4,1.1,125.81800000000003,no_action
1.0,91.5700676451114,0.0,1.4,1.1,125.81800000000003,no_action
1.0,47.62333113376167,0.0,1.4,1.1,125.81800000000003,no_action
4.0,41.796001908874786,0.25,5.6,8.4,163.64800000000002,heavy_vehicle_ban
10.0,28.42087522604455,0.1,22.0,26.2,187.52800000000002,heavy_vehicle_ban
1.0,39.98797922662383,0.0,1.4,1.1,125.81800000000003,no_action
1.0,26.118497906835056,1.0,1.4,5.1,224.21800000000002,no_action
1.0,54.962229694841305,0.0,1.4,1.1,125.81800000000003,no_action
1.0,7.218982330859101,0.0,38.31823887210999,30.6620353382818,187.8982742103918,no_action
5.0,42.598197395211756,0.0,7.0,5.5,135.05800000000002,speed_harmonization
1.0,69.5510621345998,0.0,1.4,1.1,125.81800000000003,no_action
3.0,25.002093454556242,0.0,10.2,11.7,148.07800000000003,idling_restriction
1.0,74.96737853624558,0.0,1.4,1.1,125.81800000000003,no_action
2.0,43.16153293316406,0.5,4.8,9.0,187.40800000000002,heavy_vehicle_ban
1.0,65.01123156883652,0.0,1.4,1.1,125.81800000000003,no_action
1.0,0.0,0.0,56.2,47.9,224.098,no_action
2.0,53.990457957366246,0.0,2.8,2.2,128.12800000000001,no_action
6.0,41.960894768869615,0.0,8.399999999999999,6.6000000000000005,137.36800000000002,no_action
3.0,47.68087603486293,0.0,4.199999999999999,3.3000000000000003,130.43800000000002,no_action
1.0,35.998414483952864,0.0,1.4,1.1,125.81800000000003,no_action
7.0,39.38970518330266,0.0,9.799999999999999,7.700000000000001,139.67800000000003,rerouting
1.0,64.10107919204911,1.0,1.4,5.1,224.21800000000002,no_action
2.0,36.5974684388941,0.0,2.8,2.2,128.12800000000001,no_action
1.0,0.0,0.0,56.2,47.9,224.098,no_action
2.0,74.19025139636636,0.0,2.8,2.2,128.12800000000001,no_action
3.0,57.064230533831044,0.0,4.199999999999999,3.3000000000000003,130.43800000000002,no_action
1.0,70.89644800927918,0.0,1.4,1.1,125.81800000000003,no_action
1.0,73.83773268743114,0.0,1.4,1.1,125.81800000000003,no_action
3.0,47.97546366868377,0.3333333333333333,4.199999999999999,7.300000000000001,168.83800000000002,rerouting
1.0,69.82800902230373,0.0,1.4,1.1,125.81800000000003,no_action
2.0,52.563270257236574,0.0,2.8,2.2,128.12800000000001,no_action
2.0,46.21102013009958,0.0,2.8,2.2,128.12800000000001,no_action
1.0,48.103115679436996,0.0,1.4,1.1,125.81800000000003,no_action
2.0,44.673961582169156,0.0,2.8,2.2,128.12800000000001,no_action
1.0,0.0,0.0,56.2,47.9,224.098,no_action
1.0,38.653284357175565,0.0,1.4,1.1,125.81800000000003,no_action
3.0,31.900750074644986,0.0,4.199999999999999,3.3000000000000003,130.43800000000002,no_action
2.0,38.27820124233501,0.5,2.8,6.2,181.52800000000002,heavy_vehicle_ban
1.0,27.5796826224795,1.0,1.4,5.1,224.21800000000002,no_action
1.0,29.9129135523516,1.0,1.4,5.1,224.21800000000002,no_action
1.0,46.16004364616965,0.0,1.4,1.1,125.81800000000003,no_action
1.0,48.76377727473496,0.0,1.4,1.1,125.81800000000003,no_action
1.0,0.0,0.0,56.2,47.9,224.098,no_action
1.0,48.47886394293978,0.0,1.4,1.1,125.81800000000003,no_action
1.0,29.279159925559824,1.0,1.4,5.1,224.21800000000002,no_action
1.0,60.73855971375876,0.0,1.4,1.1,125.81800000000003,no_action
1.0,79.28694411691716,0.0,1.4,1.1,125.81800000000003,no_action
1.0,28.333222951967503,0.0,1.4,1.1,125.81800000000003,no_action
1.0,39.1114025044383,0.0,1.4,1.1,125.81800000000003,no_action
1.0,30.270094276952555,0.0,1.4,1.1,125.81800000000003,no_action
2.0,40.57605215077047,0.0,2.8,2.2,128.12800000000001,no_action
2.0,36.63561582989553,0.5,2.8,6.2,181.52800000000002,heavy_vehicle_ban
1.0,38.76893250665111,0.0,1.4,1.1,125.81800000000003,no_action
1.0,72.17494519513073,0.0,1.4,1.1,125.81800000000003,no_action
3.0,43.865810409345556,0.0,4.199999999999999,3.3000000000000003,130.43800000000002,no_action
1.0,33.32553356630086,0.0,1.4,1.1,125.81800000000003,no_action
1.0,46.62679296461931,0.0,1.4,1.1,125.81800000000003,no_action
1.0,43.994366455426395,0.0,1.4,1.1,125.81800000000003,no_action
1.0,49.67738191316291,0.0,1.4,1.1,125.81800000000003,no_action
3.0,56.48923599772954,0.0,4.199999999999999,3.3000000000000003,130.43800000000002,no_action
1.0,1.0286442465701786,1.0,51.93698265754561,47.042711506859646,312.2976941644053,no_action
2.0,19.064323514479835,0.0,15.658488268144364,10.87135297104033,146.3378412391847,speed_harmonization
3.0,37.0422691168239,0.0,4.199999999999999,3.3000000000000003,130.43800000000002,no_action
2.0,0.0004410102132893728,0.5,59.59902977753076,55.79911797957342,285.6861477571042,speed_harmonization
1.0,11.86960140831009,0.0,28.086876901717805,21.360797183379823,168.36567408509765,no_action
4.0,22.30774662691672,0.0,9.322957420783213,4.4,132.74800000000002,no_action
1.0,0.0,0.0,56.2,47.9,224.098,no_action
1.0,20.52100801326846,0.0,9.053782370809389,4.057983973463079,132.0297663442725,no_action
5.0,43.651410642007114,0.0,7.0,5.5,135.05800000000002,rerouting
3.0,40.7313932726975,0.0,4.199999999999999,3.3000000000000003,130.43800000000002,no_action
1.0,64.6463067917795,0.0,1.4,1.1,125.81800000000003,no_action
3.0,30.161218061537646,0.3333333333333333,4.199999999999999,7.300000000000001,168.83800000000002,no_action
4.0,11.362430548110117,0.0,33.402652794157746,25.675138903779768,177.42579169793754,no_action
7.0,17.138906479297216,0.14285714285714285,24.894405745546123,21.42218704140557,181.3517356440946,heavy_vehicle_ban
4.0,40.85352848413837,0.0,5.6,4.4,132.74800000000002,no_action
1.0,39.06612887160228,0.0,1.4,1.1,125.81800000000003,no_action
1.0,26.677011502165275,0.0,1.4,1.1,125.81800000000003,no_action
2.0,45.16031778555691,0.0,2.8,2.2,128.12800000000001,no_action
4.0,11.900798658418559,0.0,38.21824295147917,32.99840268316288,192.80464563464207,rerouting
1.0,49.05062429604542,0.0,1.4,1.1,125.81800000000003,no_action
2.0,48.588301361419774,0.0,2.8,2.2,128.12800000000001,no_action
4.0,44.85035340806952,0.0,5.6,4.4,132.74800000000002,no_action
1.0,49.717891587895544,0.0,1.4,1.1,125.81800000000003,no_action
3.0,42.245731776304126,0.3333333333333333,4.199999999999999,7.300000000000001,168.83800000000002,heavy_vehicle_ban
2.0,37.97526709067564,0.0,2.8,2.2,128.12800000000001,no_action
1.0,49.992313896546705,0.0,1.4,1.1,125.81800000000003,no_action
4.0,39.76241489139439,0.0,5.6,4.4,132.74800000000002,no_action
1.0,63.61483115032777,0.0,1.4,1.1,125.81800000000003,no_action
9.0,40.28471789795996,0.1111111111111111,12.6,13.9,162.69800000000004,heavy_vehicle_ban
5.0,38.072445529415404,0.0,7.0,5.5,135.05800000000002,no_action
3.0,62.19963208784747,0.0,4.199999999999999,3.3000000000000003,130.43800000000002,no_action
2.0,29.988073951936006,0.5,2.8,6.2,181.52800000000002,heavy_vehicle_ban
1.0,50.003979788302985,0.0,1.4,1.1,125.81800000000003,no_action
2.0,0.810545115667281,0.0,55.816800745531985,47.37890976866544,223.00371051419745,speed_harmonization
5.0,30.20241684945921,0.0,7.0,5.5,135.05800000000002,rerouting
6.0,16.7271963652677,0.0,30.400167996411056,25.545607269464597,177.15377526587568,rerouting
2.0,47.02961002125287,0.0,2.8,2.2,128.12800000000001,no_action
2.0,40.62618153185281,0.0,2.8,2.2,128.12800000000001,no_action
6.0,24.99517554574882,0.0,8.399999999999999,6.6000000000000005,137.36800000000002,rerouting
1.0,24.81126565076917,0.0,1.4,1.1,125.81800000000003,no_action
2.0,32.3710715263478,0.5,2.8,6.2,181.52800000000002,heavy_vehicle_ban
1.0,45.281140992720594,0.0,1.4,1.1,125.81800000000003,no_action
1.0,32.16789114125874,0.0,1.4,1.1,125.81800000000003,no_action
3.0,30.516175137893896,0.3333333333333333,4.199999999999999,7.300000000000001,168.83800000000002,heavy_vehicle_ban
1.0,75.00599999879408,0.0,1.4,1.1,125.81800000000003,no_action
1.0,75.00599999879408,0.0,1.4,1.1,125.81800000000003,no_action
5.0,38.46876232379293,0.0,9.0,8.3,140.93800000000002,idling_restriction
1.0,59.99796743387759,0.0,1.4,1.1,125.81800000000003,no_action
4.0,31.87471919563788,0.25,5.6,8.4,163.64800000000002,heavy_vehicle_ban
1.0,27.714821563899502,1.0,1.4,5.1,224.21800000000002,no_action
1.0,2.790956407104768,0.0,48.05989590436951,39.51808718579046,206.49598309016,no_action
1.0,30.725128871811222,0.0,1.4,1.1,125.81800000000003,no_action
1.0,44.6442283283396,0.0,1.4,1.1,125.81800000000003,no_action
1.0,58.305205084834796,0.0,1.4,1.1,125.81800000000003,no_action
1.0,34.86921479641888,0.0,1.4,1.1,125.81800000000003,no_action
4.0,53.82324568035898,0.25,5.6,8.4,163.64800000000002,heavy_vehicle_ban
1.0,82.48973720897679,1.0,1.4,5.1,224.21800000000002,no_action
5.0,40.02860068355248,0.2,7.0,9.5,161.45800000000003,heavy_vehicle_ban
2.0,74.35942944005333,0.0,2.8,2.2,128.12800000000001,no_action
1.0,41.07692327518322,0.0,1.4,1.1,125.81800000000003,no_action
1.0,89.65093951140919,0.0,1.4,1.1,125.81800000000003,no_action
1.0,49.04029765552951,0.0,1.4,1.1,125.81800000000003,no_action
3.0,40.168953425901314,0.0,4.199999999999999,3.3000000000000003,130.43800000000002,no_action
4.0,47.882968312265945,0.0,5.6,4.4,132.74800000000002,no_action
2.0,49.98056448182863,0.0,2.8,2.2,128.12800000000001,no_action
3.0,71.38326491359274,0.0,4.199999999999999,3.3000000000000003,130.43800000000002,no_action
1.0,87.33936951460078,0.0,1.4,1.1,125.81800000000003,no_action
2.0,62.34865508365488,0.0,2.8,2.2,128.12800000000001,no_action
1.0,63.863084620918826,0.0,1.4,1.1,125.81800000000003,no_action
2.0,61.820953404061385,0.0,2.8,2.2,128.12800000000001,no_action
1.0,64.9903548004163,0.0,1.4,1.1,125.81800000000003,no_action
2.0,49.742089444240555,0.0,2.8,2.2,128.12800000000001,no_action
2.0,29.87771527877739,0.0,2.8,2.2,128.12800000000001,no_action
2.0,32.54217764108688,0.0,2.8,2.2,128.12800000000001,no_action
1.0,87.30044168589859,0.0,1.4,1.1,125.81800000000003,no_action
3.0,64.62032615000619,0.3333333333333333,4.199999999999999,7.300000000000001,168.83800000000002,heavy_vehicle_ban
1.0,74.95883178790913,0.0,1.4,1.1,125.81800000000003,no_action
1.0,42.558215596719975,0.0,1.4,1.1,125.81800000000003,no_action
2.0,44.07149945149827,0.0,2.8,2.2,128.12800000000001,no_action
6.0,34.9838740375138,0.3333333333333333,8.399999999999999,14.600000000000001,184.16800000000003,heavy_vehicle_ban
9.0,11.45351520771239,0.1111111111111111,50.20226654303274,48.99296958457522,236.393236127608,speed_harmonization
2.0,0.2752107772490961,0.5,56.99453629005199,52.44957844550181,278.6521147355538,speed_harmonization
1.0,49.98979237087191,0.0,1.4,1.1,125.81800000000003,no_action
2.0,26.571136625410894,0.0,2.8,2.2,128.12800000000001,no_action
5.0,41.60176501671799,0.0,7.0,5.5,135.05800000000002,no_action
1.0,74.13216033755317,0.0,1.4,1.1,125.81800000000003,no_action
4.0,26.117098965308152,0.25,7.6,11.2,169.52800000000002,heavy_vehicle_ban
1.0,69.99892001823672,0.0,1.4,1.1,125.81800000000003,no_action
3.0,53.1608248188591,0.0,4.199999999999999,3.3000000000000003,130.43800000000002,no_action
5.0,40.05004541697753,0.0,7.0,5.5,135.05800000000002,rerouting
1.0,49.42465942410106,0.0,1.4,1.1,125.81800000000003,no_action
1.0,35.63163833194854,0.0,1.4,1.1,125.81800000000003,no_action
1.0,41.70539420659133,0.0,1.4,1.1,125.81800000000003,no_action
6.0,29.858624373973587,0.0,12.399999999999999,12.2,149.12800000000001,speed_harmonization
1.0,73.05717790847173,0.0,1.4,1.1,125.81800000000003,no_action
3.0,0.07088941757464383,0.0,62.844043281335786,55.55822116485071,240.18026444618653,speed_harmonization
3.0,66.85180692073824,0.0,4.199999999999999,3.3000000000000003,130.43800000000002,no_action
4.0,40.20556453086663,0.0,5.6,4.4,132.74800000000002,no_action
1.0,70.39476480625436,0.0,1.4,1.1,125.81800000000003,no_action
3.0,44.89712269628496,0.0,4.199999999999999,3.3000000000000003,130.43800000000002,no_action
3.0,24.51171705916538,0.0,4.199999999999999,3.3000000000000003,130.43800000000002,no_action
2.0,39.61690896655965,0.0,2.8,2.2,128.12800000000001,no_action
3.0,36.6937494523844,0.0,4.199999999999999,3.3000000000000003,130.43800000000002,no_action
1.0,13.582404614580783,0.0,24.31870984792228,17.935190770838435,161.17190061876073,no_action
1.0,43.20761927182453,0.0,1.4,1.1,125.81800000000003,no_action
2.0,1.3207108657197606,0.0,54.69443609541653,46.35857826856048,220.86101436397703,speed_harmonization
1.0,31.328279593190565,0.0,1.4,1.1,125.81800000000003,no_action
2.0,30.004679987998156,0.0,2.8,2.2,128.12800000000001,no_action
2.0,35.50272137773277,0.5,2.8,6.2,181.52800000000002,heavy_vehicle_ban
1.0,29.75053440402643,1.0,1.4,5.1,224.21800000000002,no_action
1.0,44.25497879884486,0.0,1.4,1.1,125.81800000000003,no_action
1.0,44.028541343755066,0.0,1.4,1.1,125.81800000000003,no_action
1.0,29.98793463050869,1.0,1.4,5.1,224.21800000000002,no_action
1.0,46.74296988514272,0.0,1.4,1.1,125.81800000000003,no_action
1.0,49.99395087986644,0.0,1.4,1.1,125.81800000000003,no_action
1.0,40.89199204531853,0.0,1.4,1.1,125.81800000000003,no_action
1.0,26.058267338941185,0.0,1.4,1.1,125.81800000000003,no_action
1.0,60.609720040242074,1.0,1.4,5.1,224.21800000000002,no_action
5.0,47.34675817826539,0.0,7.0,5.5,135.05800000000002,rerouting
1.0,49.997451768670956,0.0,1.4,1.1,125.81800000000003,no_action
1.0,29.987994860047127,1.0,1.4,5.1,224.21800000000002,no_action
2.0,30.569562204254197,0.5,2.8,6.2,181.52800000000002,heavy_vehicle_ban
1.0,1.3718641971847116,0.0,51.18189876619363,42.356271605630575,212.45617037182421,no_action
1.0,43.027252131503765,0.0,1.4,1.1,125.81800000000003,no_action
1.0,39.59811084695141,0.0,1.4,1.1,125.81800000000003,no_action
2.0,45.27262048462073,0.0,2.8,2.2,128.12800000000001,no_action
1.0,49.343847250751466,0.0,1.4,1.1,125.81800000000003,no_action
1.0,43.7369656591084,0.0,1.4,1.1,125.81800000000003,no_action
3.0,2.777661388285217,0.0,54.88914494577253,47.344677223429564,222.93182216920212,idling_restriction
5.0,22.091603679633163,0.0,13.198471904807041,8.3,140.93800000000002,speed_harmonization
2.0,0.0,0.5,59.6,55.8,285.688,speed_harmonization
2.0,26.45752387907061,0.0,2.8,2.2,128.12800000000001,no_action
1.0,2.622113900005757,0.0,48.431349419987335,39.855772199988486,207.20512161997584,no_action
1.0,24.307315210164884,0.0,1.4,1.1,125.81800000000003,no_action
2.0,40.2567316621563,0.0,2.8,2.2,128.12800000000001,no_action
1.0,48.608472661839535,0.0,1.4,1.1,125.81800000000003,no_action
3.0,0.016522442002718837,0.0,62.96365062759402,55.66695511599457,240.40860574358862,speed_harmonization
5.0,35.167515942609235,0.0,7.0,5.5,135.05800000000002,speed_harmonization
1.0,64.67814796839274,0.0,1.4,1.1,125.81800000000003,no_action
3.0,9.513817964251269,0.3333333333333333,38.06960047864721,35.07236407149746,227.1599645501447,heavy_vehicle_ban
6.0,34.70362496758516,0.0,8.399999999999999,6.6000000000000005,137.36800000000002,no_action
4.0,29.66236656647537,0.25,5.6,8.4,163.64800000000002,heavy_vehicle_ban
7.0,8.118464462290005,0.0,46.73937818296199,38.26307107541999,203.860449258382,idling_restriction
2.0,43.17716178131953,0.0,2.8,2.2,128.12800000000001,no_action
5.0,21.840809889999196,0.0,17.75021824200177,14.218380220001606,153.3665984620034,speed_harmonization
2.0,50.87587690727165,0.0,2.8,2.2,128.12800000000001,no_action
1.0,60.01863342427353,0.0,1.4,1.1,125.81800000000003,no_action
4.0,36.63616364054403,0.0,5.6,4.4,132.74800000000002,no_action
1.0,39.96629169278049,0.0,1.4,1.1,125.81800000000003,no_action
1.0,49.97729035965022,0.0,1.4,1.1,125.81800000000003,no_action
3.0,53.10819391578832,0.3333333333333333,4.199999999999999,7.300000000000001,168.83800000000002,heavy_vehicle_ban
1.0,64.91440695752158,0.0,1.4,1.1,125.81800000000003,no_action
1.0,50.00399995109825,0.0,1.4,1.1,125.81800000000003,no_action
2.0,43.79790319441604,0.0,2.8,2.2,128.12800000000001,no_action
4.0,42.90232418165696,0.0,5.6,4.4,132.74800000000002,no_action
8.0,43.914545223184014,0.0,11.2,8.8,141.98800000000003,speed_harmonization
1.0,29.912056059066106,0.0,1.4,1.1,125.81800000000003,no_action
6.0,50.020721637929306,0.0,8.399999999999999,6.6000000000000005,137.36800000000002,speed_harmonization
2.0,66.66908690191619,0.0,2.8,2.2,128.12800000000001,no_action
1.0,0.0,0.0,56.2,47.9,224.098,no_action
1.0,25.771087992612536,0.0,1.4,1.1,125.81800000000003,no_action
1.0,29.987999999479772,1.0,1.4,5.1,224.21800000000002,no_action
1.0,56.65211804174842,0.0,1.4,1.1,125.81800000000003,no_action
1.0,49.23562766558054,0.0,1.4,1.1,125.81800000000003,no_action
1.0,40.88250514005171,0.0,1.4,1.1,125.81800000000003,no_action
3.0,0.046138241838303035,0.0,62.89849586795573,55.60772351632339,240.28421938427914,idling_restriction
2.0,54.33976181448984,0.0,2.8,2.2,128.12800000000001,no_action
7.0,15.189171537859721,0.0,37.18382261670861,32.521656924280556,191.8034795409892,speed_harmonization
2.0,36.556953162279704,0.0,2.8,2.2,128.12800000000001,no_action
6.0,15.256017766114528,0.0,31.636760914548038,25.687964467770943,177.45272538231902,idling_restriction
4.0,35.191860281815586,0.0,5.6,4.4,132.74800000000002,no_action
1.0,47.040879600000004,0.0,1.4,1.1,125.81800000000003,no_action
2.0,52.89563145978211,0.5,2.8,6.2,181.52800000000002,no_action
1.0,71.47307826812406,0.0,1.4,1.1,125.81800000000003,no_action
5.0,29.074419902290504,0.0,11.0,11.1,146.818,rerouting
5.0,41.283926034882995,0.0,7.0,5.5,135.05800000000002,rerouting
2.0,25.53019744515437,0.5,2.8,6.2,181.52800000000002,heavy_vehicle_ban
1.0,20.661081380836496,0.0,8.745620962159709,3.7778372383270082,131.44145820048675,no_action
1.0,42.62369086188134,0.0,1.4,1.1,125.81800000000003,no_action
1.0,48.73419132433753,0.0,1.4,1.1,125.81800000000003,no_action
3.0,68.6022617801522,0.0,4.199999999999999,3.3000000000000003,130.43800000000002,no_action
2.0,76.5396483356619,0.0,2.8,2.2,128.12800000000001,no_action
8.0,47.66393054042932,0.375,11.2,20.8,200.93800000000005,heavy_vehicle_ban
1.0,87.44793131165267,0.0,1.4,1.1,125.81800000000003,no_action
3.0,67.8381419232279,0.0,4.199999999999999,3.3000000000000003,130.43800000000002,no_action
4.0,45.9409250348672,0.0,5.6,4.4,132.74800000000002,no_action
1.0,46.88888065041754,0.0,1.4,1.1,125.81800000000003,no_action
2.0,49.99875152132642,0.0,2.8,2.2,128.12800000000001,no_action
3.0,74.28362698452199,0.0,4.199999999999999,3.3000000000000003,130.43800000000002,no_action
1.0,87.36907838491086,0.0,1.4,1.1,125.81800000000003,no_action
3.0,45.94840239089269,0.0,4.199999999999999,3.3000000000000003,130.43800000000002,no_action
3.0,57.79697260067459,0.0,4.199999999999999,3.3000000000000003,130.43800000000002,no_action
2.0,49.658338349126964,0.0,2.8,2.2,128.12800000000001,no_action
1.0,39.46481518915027,0.0,1.4,1.1,125.81800000000003,no_action
6.0,62.431190287904585,0.16666666666666666,8.399999999999999,10.600000000000001,160.76800000000003,heavy_vehicle_ban
6.0,40.63016141968031,0.16666666666666666,8.399999999999999,10.600000000000001,160.76800000000003,rerouting
13.0,18.41752974967947,0.15384615384615385,46.48143455070517,51.86494050064106,246.2705288975001,speed_harmonization
1.0,23.92784824319616,0.0,1.5587338649684497,1.1,125.81800000000003,no_action
1.0,46.10378695203926,0.0,1.4,1.1,125.81800000000003,no_action
1.0,43.042514898722246,0.0,1.4,1.1,125.81800000000003,no_action
1.0,29.6804044320779,0.0,1.4,1.1,125.81800000000003,no_action
3.0,42.76141741691338,0.3333333333333333,4.199999999999999,7.300000000000001,168.83800000000002,heavy_vehicle_ban
2.0,43.848968710111066,0.0,2.8,2.2,128.12800000000001,no_action
1.0,61.775797096668896,0.0,1.4,1.1,125.81800000000003,no_action
4.0,23.637570795236904,0.25,10.39734425047881,14.0,175.40800000000002,heavy_vehicle_ban
2.0,62.693398883764054,0.0,2.8,2.2,128.12800000000001,no_action
3.0,53.28385859172446,0.0,4.199999999999999,3.3000000000000003,130.43800000000002,no_action
3.0,36.199419233796576,0.3333333333333333,4.199999999999999,7.300000000000001,168.83800000000002,rerouting
2.0,48.77085987985241,0.0,2.8,2.2,128.12800000000001,no_action
8.0,35.535980725925036,0.0,15.2,14.4,153.74800000000002,rerouting
1.0,75.00580218114467,0.0,1.4,1.1,125.81800000000003,no_action
1.0,72.90235107498442,0.0,1.4,1.1,125.81800000000003,no_action
1.0,0.0003756758165005403,0.0,56.199173513203704,47.899248648367,224.09642216157073,no_action
1.0,82.88117234739461,0.0,1.4,1.1,125.81800000000003,no_action
3.0,53.80654064577552,0.0,4.199999999999999,3.3000000000000003,130.43800000000002,no_action
1.0,72.49047490254323,0.0,1.4,1.1,125.81800000000003,no_action
1.0,72.60212775310993,0.0,1.4,1.1,125.81800000000003,no_action
1.0,75.00597359167,0.0,1.4,1.1,125.81800000000003,no_action
7.0,25.523183958780265,0.14285714285714285,9.799999999999999,11.700000000000001,160.9351428571429,heavy_vehicle_ban
3.0,15.950435883542822,0.3333333333333333,21.909041056205794,19.399128232914357,194.2461692891202,heavy_vehicle_ban
2.0,29.2469805344324,0.0,2.8,2.2,128.12800000000001,no_action
2.0,36.78384778995704,0.0,2.8,2.2,128.12800000000001,no_action
1.0,51.10178670666021,0.0,1.4,1.1,125.81800000000003,no_action
2.0,0.4499746347511202,0.0,56.61005580354753,48.100050730497756,224.51810653404533,speed_harmonization
1.0,50.00370436197902,0.0,1.4,1.1,125.81800000000003,no_action
1.0,19.984536,0.0,10.234020800000005,5.130928000000003,134.28294880000004,no_action
1.0,20.14776351829009,1.0,9.8749202597618,8.804472963419817,231.99739322318163,no_action
2.0,29.45180887766172,0.5,2.8,6.2,181.52800000000002,rerouting
1.0,0.0,0.0,56.2,47.9,224.098,no_action
1.0,25.775982974714736,1.0,1.4,5.1,224.21800000000002,no_action
2.0,23.990209592962824,0.0,4.821538895481787,5.0,134.00800000000004,idling_restriction
2.0,34.62499652595564,0.5,2.8,6.2,181.52800000000002,heavy_vehicle_ban
1.0,38.19656868230984,0.0,1.4,1.1,125.81800000000003,no_action
1.0,50.00399995761294,0.0,1.4,1.1,125.81800000000003,no_action
1.0,7.372681286411844,0.0,37.98010116989395,30.354637427176314,187.25273859707028,no_action
2.0,69.75880499026306,0.0,2.8,2.2,128.12800000000001,no_action
2.0,61.82157657201389,0.0,2.8,2.2,128.12800000000001,no_action
1.0,46.962390214786794,0.0,1.4,1.1,125.81800000000003,no_action
1.0,29.159520025318727,1.0,1.4,5.1,224.21800000000002,no_action
1.0,25.201541045116294,0.0,1.4,1.1,125.81800000000003,no_action
2.0,29.980654449006995,0.5,2.8,6.2,181.52800000000002,heavy_vehicle_ban
1.0,0.0,0.0,56.2,47.9,224.098,no_action
1.0,39.772882131011116,0.0,1.4,1.1,125.81800000000003,no_action
1.0,49.806375205975925,0.0,1.4,1.1,125.81800000000003,no_action
1.0,8.666800690108708,0.0,35.13303848176084,27.766398619782585,181.81743710154345,no_action
1.0,0.0,0.0,56.2,47.9,224.098,no_action
1.0,3.1174932587769173,0.0,47.341514830690784,38.865013482446166,205.12452831313698,no_action
3.0,31.44135056986997,0.0,4.199999999999999,3.3000000000000003,130.43800000000002,no_action
1.0,45.54862090277223,0.0,1.4,1.1,125.81800000000003,no_action
1.0,74.89116147480047,0.0,1.4,1.1,125.81800000000003,no_action
3.0,0.0,0.0,63.0,55.7,240.47800000000004,speed_harmonization
1.0,39.43954355542757,0.0,1.4,1.1,125.81800000000003,no_action
5.0,14.345739873056184,0.0,34.239372279276395,29.20852025388763,184.84589253316406,speed_harmonization
2.0,0.0,0.5,59.6,55.8,285.688,idling_restriction
2.0,49.79191106289492,0.0,2.8,2.2,128.12800000000001,no_action
1.0,32.04090346722532,0.0,1.4,1.1,125.81800000000003,no_action
1.0,34.075864366950334,0.0,1.4,1.1,125.81800000000003,no_action
1.0,18.53529719509646,0.0,13.422346170787787,8.029405609807077,140.3697517805949,no_action
2.0,0.013887805055740455,0.0,59.56944682887737,51.772224389888514,232.2296712187659,idling_restriction
5.0,19.59848271830341,0.0,22.683338019732503,18.70303456339318,162.7843725831257,speed_harmonization
1.0,64.8802078632077,0.0,1.4,1.1,125.81800000000003,no_action
2.0,59.00892608112396,0.0,2.8,2.2,128.12800000000001,no_action
1.0,49.981292205147355,0.0,1.4,1.1,125.81800000000003,no_action
1.0,19.285894799999603,0.0,11.771031440000874,6.528210400000793,137.2172418400017,no_action
3.0,18.743268311419058,0.3333333333333333,15.764809714878073,13.813463377161884,182.51627309203997,heavy_vehicle_ban
1.0,3.6841757052452513,0.0,46.09481344846045,37.7316485895095,202.74446203796998,no_action
4.0,32.4737552612156,0.0,5.6,4.4,132.74800000000002,no_action
5.0,26.98478653343226,0.0,7.0,5.5,135.05800000000002,no_action
4.0,38.15335497935415,0.0,5.6,4.4,132.74800000000002,no_action
5.0,21.458476435300284,0.0,18.591351842339375,14.98304712939943,154.97239897173884,idling_restriction
1.0,29.384145607843987,0.0,1.4,1.1,125.81800000000003,no_action
1.0,75.00599963165962,0.0,1.4,1.1,125.81800000000003,no_action
2.0,43.58644933764008,0.0,2.8,2.2,128.12800000000001,no_action
1.0,33.127604095633,0.0,1.4,1.1,125.81800000000003,no_action
1.0,16.614402000820533,0.0,17.648315598194827,11.871195998358933,148.43751159655378,no_action
1.0,35.1640692,0.0,1.4,1.1,125.81800000000003,no_action
2.0,49.94970225655626,0.5,2.8,6.2,181.52800000000002,heavy_vehicle_ban
1.0,64.63851566690977,0.0,1.4,1.1,125.81800000000003,no_action
1.0,48.393627922424315,0.0,1.4,1.1,125.81800000000003,no_action
1.0,39.99544595283918,0.0,1.4,1.1,125.81800000000003,no_action
1.0,52.72650406795579,0.0,1.4,1.1,125.81800000000003,no_action
2.0,37.45413619283316,0.0,2.8,2.2,128.12800000000001,no_action
2.0,46.32782098529723,0.0,2.8,2.2,128.12800000000001,no_action
2.0,48.80196403509053,0.0,2.8,2.2,128.12800000000001,no_action
5.0,47.85630607474534,0.0,7.0,5.5,135.05800000000002,no_action
4.0,46.47712093134971,0.0,5.6,4.4,132.74800000000002,no_action
1.0,50.85194575923351,0.0,1.4,1.1,125.81800000000003,no_action
1.0,75.00599979822556,0.0,1.4,1.1,125.81800000000003,no_action
1.0,26.71037131066009,1.0,1.4,5.1,224.21800000000002,no_action
1.0,39.95936416902886,0.0,1.4,1.1,125.81800000000003,no_action
4.0,0.0011193321053564428,0.0,66.39753746936822,59.597761335789286,248.66329880515752,speed_harmonization
3.0,52.78699711966281,0.0,4.199999999999999,3.3000000000000003,130.43800000000002,no_action
8.0,13.469189885895364,0.0,44.3677822510302,39.861620228209276,207.21740247923952,speed_harmonization
2.0,47.77090521214658,0.0,2.8,2.2,128.12800000000001,no_action
7.0,17.028438603840115,0.0,33.13743507155175,28.843122792319768,184.07855786387154,idling_restriction
2.0,42.068555426370104,0.0,2.8,2.2,128.12800000000001,no_action
1.0,29.987999999468144,1.0,1.4,5.1,224.21800000000002,no_action
2.0,28.020252531382113,0.0,2.8,2.2,128.12800000000001,no_action
5.0,19.699806068375842,0.0,22.460426649573147,18.500387863248314,162.35881451282148,speed_harmonization
1.0,59.45976898560278,0.0,1.4,1.1,125.81800000000003,no_action
1.0,41.81640299518409,0.0,1.4,1.1,125.81800000000003,no_action
4.0,22.90773875567318,0.0,8.002974737519006,4.4,132.74800000000002,no_action
1.0,26.395192558112324,0.0,1.4,1.1,125.81800000000003,no_action
1.0,43.40785936249035,0.0,1.4,1.1,125.81800000000003,no_action
1.0,87.1475945174138,0.0,1.4,1.1,125.81800000000003,no_action
1.0,87.50687403920568,0.0,1.4,1.1,125.81800000000003,no_action
10.0,44.5392697452966,0.2,14.0,19.0,181.40800000000002,heavy_vehicle_ban
1.0,82.47500989248931,1.0,1.4,5.1,224.21800000000002,no_action
2.0,77.15189193448016,0.0,2.8,2.2,128.12800000000001,no_action
2.0,69.33298526602283,0.0,2.8,2.2,128.12800000000001,no_action
2.0,44.73655715753931,0.0,2.8,2.2,128.12800000000001,no_action
7.0,31.445421134577,0.14285714285714285,9.799999999999999,11.700000000000001,160.9351428571429,heavy_vehicle_ban
1.0,49.68257652927676,0.0,1.4,1.1,125.81800000000003,no_action
3.0,49.97842355749699,0.0,4.199999999999999,3.3000000000000003,130.43800000000002,no_action
3.0,74.06789276505326,0.0,4.199999999999999,3.3000000000000003,130.43800000000002,no_action
1.0,86.72042722994212,0.0,1.4,1.1,125.81800000000003,no_action
2.0,52.16304247858691,0.0,2.8,2.2,128.12800000000001,no_action
2.0,59.96006490972815,0.0,2.8,2.2,128.12800000000001,no_action
2.0,59.27994085953572,0.0,2.8,2.2,128.12800000000001,no_action
2.0,39.079611690227026,0.0,2.8,2.2,128.12800000000001,no_action
1.0,16.252952592479605,0.0,18.44350429654487,12.594094815040789,149.95559911158568,no_action
1.0,49.52176492460906,0.0,1.4,1.1,125.81800000000003,no_action
1.0,89.99429410131216,0.0,1.4,1.1,125.81800000000003,no_action
1.0,89.92187757292594,0.0,1.4,1.1,125.81800000000003,no_action
4.0,66.026822910228,0.25,5.6,8.4,163.64800000000002,heavy_vehicle_ban
1.0,25.873071023569867,0.0,1.4,1.1,125.81800000000003,no_action
4.0,48.089341552263356,0.0,5.6,4.4,132.74800000000002,no_action
14.0,15.419035728332478,0.14285714285714285,46.478121397668545,47.761928543335046,236.66519279814648,speed_harmonization
1.0,42.967821746113366,0.0,1.4,1.1,125.81800000000003,no_action
1.0,41.25637086790549,0.0,1.4,1.1,125.81800000000003,no_action
2.0,15.437571255718156,0.0,23.63734323742006,18.124857488563688,161.57020072598377,speed_harmonization
1.0,48.453447292006864,0.0,1.4,1.1,125.81800000000003,no_action
1.0,49.55581206999487,0.0,1.4,1.1,125.81800000000003,no_action
1.0,39.62062580918009,0.0,1.4,1.1,125.81800000000003,no_action
4.0,34.76539576330006,0.25,5.6,8.4,163.64800000000002,no_action
2.0,51.09476890962336,0.0,2.8,2.2,128.12800000000001,no_action
1.0,70.00199978413889,0.0,1.4,1.1,125.81800000000003,no_action
4.0,0.06206880278667468,0.25,66.26344863386932,63.47586239442665,279.307311028296,idling_restriction
2.0,63.141333273495114,0.0,2.8,2.2,128.12800000000001,no_action
2.0,37.46302963505556,0.0,2.8,2.2,128.12800000000001,no_action
3.0,53.28018265202313,0.0,4.199999999999999,3.3000000000000003,130.43800000000002,no_action
5.0,30.327670397768358,0.4,7.0,13.5,187.85800000000003,heavy_vehicle_ban
1.0,39.30397949072559,0.0,1.4,1.1,125.81800000000003,no_action
8.0,24.19291383624114,0.0,15.2,14.4,153.74800000000002,idling_restriction
1.0,69.1536779135541,0.0,1.4,1.1,125.81800000000003,no_action
1.0,0.0,0.0,56.2,47.9,224.098,no_action
1.0,82.46529114374172,0.0,1.4,1.1,125.81800000000003,no_action
5.0,28.040690634535068,0.4,7.0,13.5,187.85800000000003,heavy_vehicle_ban
1.0,66.70225626569456,0.0,1.4,1.1,125.81800000000003,no_action
1.0,75.00319408355747,0.0,1.4,1.1,125.81800000000003,no_action
1.0,74.75192818367243,0.0,1.4,1.1,125.81800000000003,no_action
5.0,12.27662343782454,0.0,32.79142843678601,24.94675312435092,175.89618156113696,speed_harmonization
1.0,12.575553305273575,0.0,26.533782728398137,19.948893389452852,165.40067611785102,no_action
1.0,28.461395724960273,0.0,1.4,1.1,125.81800000000003,no_action
2.0,0.003733846142374267,0.0,59.591785538486775,51.79253230771525,232.27231784620204,speed_harmonization
1.0,0.0,0.0,56.2,47.9,224.098,no_action
1.0,31.516452018922326,0.0,1.4,1.1,125.81800000000003,no_action
1.0,11.056272192864308,0.0,29.876201175698526,22.987455614271386,171.78165678996993,no_action
1.0,39.48171790636333,0.0,1.4,1.1,125.81800000000003,no_action
1.0,39.97060655422837,0.0,1.4,1.1,125.81800000000003,no_action
1.0,50.003999997588004,0.0,1.4,1.1,125.81800000000003,no_action
1.0,67.21110491427284,0.0,1.4,1.1,125.81800000000003,no_action
4.0,44.095043075168306,0.0,5.6,4.4,132.74800000000002,no_action
1.0,74.5228380355708,0.0,1.4,1.1,125.81800000000003,no_action
1.0,25.849977925479124,1.0,1.4,5.1,224.21800000000002,no_action
1.0,40.52726273819204,0.0,1.4,1.1,125.81800000000003,no_action
2.0,29.974040600350115,0.5,2.8,6.2,181.52800000000002,heavy_vehicle_ban
1.0,23.868745642773273,0.0,1.6887595858987985,1.1,125.81800000000003,no_action
1.0,49.99234123769865,0.0,1.4,1.1,125.81800000000003,no_action
1.0,50.00399920597085,0.0,1.4,1.1,125.81800000000003,no_action
1.0,38.64601158284379,0.0,1.4,1.1,125.81800000000003,no_action
2.0,21.677450517649007,0.0,7.9096088611721855,2.845098964701987,129.4827078258742,no_action
1.0,46.164747548938315,0.0,1.4,1.1,125.81800000000003,no_action
1.0,34.89378844783313,0.0,1.4,1.1,125.81800000000003,no_action
2.0,38.37173681241574,0.0,2.8,2.2,128.12800000000001,no_action
1.0,74.01023906779143,0.0,1.4,1.1,125.81800000000003,no_action
1.0,69.91917376180751,0.0,1.4,1.1,125.81800000000003,no_action
1.0,37.38749801514698,0.0,1.4,1.1,125.81800000000003,no_action
3.0,0.0,0.0,63.0,55.7,240.47800000000004,speed_harmonization
6.0,28.914901285284106,0.0,10.399999999999999,9.4,143.24800000000002,speed_harmonization
1.0,9.533164411806151,0.0,33.22703829402647,26.0336711763877,178.1787094704142,no_action
2.0,49.801215626742014,0.0,2.8,2.2,128.12800000000001,no_action
1.0,22.64792741197537,0.0,4.374559693654185,1.1,125.81800000000003,no_action
1.0,0.0,0.0,56.2,47.9,224.098,no_action
4.0,21.805481402873706,0.0,14.427940913677846,10.389037194252587,145.32497810793046,rerouting
2.0,0.0,0.0,59.6,51.8,232.288,speed_harmonization
5.0,3.4523684511908996,0.0,58.20478940738003,50.9952630976182,230.59805250499824,idling_restriction
1.0,59.95708173030387,0.0,1.4,1.1,125.81800000000003,no_action
4.0,20.533508126857893,0.25,15.226282120912636,14.132983746284214,175.68726586719688,speed_harmonization
1.0,49.748916328794586,0.0,1.4,1.1,125.81800000000003,no_action
1.0,48.15918705760752,0.0,1.4,1.1,125.81800000000003,no_action
1.0,29.633614188525907,1.0,1.4,5.1,224.21800000000002,no_action
1.0,41.91754342387335,0.0,1.4,1.1,125.81800000000003,no_action
3.0,21.612794530125495,0.0,11.451852033723911,6.87441093974901,137.94426297347295,no_action
1.0,47.928628485208506,0.0,1.4,1.1,125.81800000000003,no_action
6.0,15.280202700252856,0.0,27.583554059443717,20.03959459949429,165.59114865893804,rerouting
3.0,39.88108219310494,0.0,4.199999999999999,3.3000000000000003,130.43800000000002,no_action
1.0,44.9572545259866,0.0,1.4,1.1,125.81800000000003,no_action
4.0,3.2216110334716843,0.0,53.312455726362295,44.75677793305663,217.49723365941895,heavy_vehicle_ban
2.0,2.903199724214196,0.0,51.21296060672877,43.193600551571606,214.2145611583004,speed_harmonization
1.0,49.75452412736364,0.0,1.4,1.1,125.81800000000003,no_action
3.0,48.41543821458211,0.0,4.199999999999999,3.3000000000000003,130.43800000000002,no_action
1.0,46.01477507957182,0.0,1.4,1.1,125.81800000000003,no_action
3.0,49.39030135753229,0.3333333333333333,4.199999999999999,7.300000000000001,168.83800000000002,heavy_vehicle_ban
1.0,28.23128061350362,1.0,1.4,5.1,224.21800000000002,no_action
1.0,50.00399999720962,0.0,1.4,1.1,125.81800000000003,no_action
1.0,48.8710243645323,0.0,1.4,1.1,125.81800000000003,no_action
1.0,50.003870689439545,0.0,1.4,1.1,125.81800000000003,no_action
1.0,46.90782580061367,0.0,1.4,1.1,125.81800000000003,no_action
1.0,49.95705200518574,0.0,1.4,1.1,125.81800000000003,no_action
3.0,49.30386170459971,0.0,4.199999999999999,3.3000000000000003,130.43800000000002,no_action
1.0,52.35502762937688,0.0,1.4,1.1,125.81800000000003,no_action
1.0,75.00599999879329,0.0,1.4,1.1,125.81800000000003,no_action
1.0,39.93717995520425,0.0,1.4,1.1,125.81800000000003,no_action
2.0,47.6729217723927,0.0,2.8,2.2,128.12800000000001,no_action
1.0,49.57003139969985,0.0,1.4,1.1,125.81800000000003,no_action
1.0,24.402255139512597,0.0,1.4,1.1,125.81800000000003,no_action
1.0,31.927774792878452,0.0,1.4,1.1,125.81800000000003,no_action
3.0,52.51639052785872,0.0,4.199999999999999,3.3000000000000003,130.43800000000002,no_action
8.0,20.422598374875705,0.0,23.07028357527345,17.55480325024859,160.37308682552208,idling_restriction
5.0,33.49658146698091,0.2,7.0,9.5,161.45800000000003,rerouting
2.0,42.787763670189086,0.0,2.8,2.2,128.12800000000001,no_action
7.0,16.619049422259966,0.0,32.03809127102807,26.86190115548007,179.91799242650816,speed_harmonization
1.0,41.6246364,0.0,1.4,1.1,125.81800000000003,no_action
1.0,36.040102278683236,0.0,1.4,1.1,125.81800000000003,no_action
1.0,29.909540009973888,1.0,1.4,5.1,224.21800000000002,no_action
1.0,48.28525176762209,0.0,1.4,1.1,125.81800000000003,no_action
3.0,50.307295959983165,0.0,4.199999999999999,3.3000000000000003,130.43800000000002,no_action
3.0,44.90082018099716,0.0,4.199999999999999,3.3000000000000003,130.43800000000002,no_action
1.0,39.995811886721405,0.0,1.4,1.1,125.81800000000003,no_action
2.0,48.5389402657639,0.0,2.8,2.2,128.12800000000001,no_action
3.0,73.00429738432167,0.0,4.199999999999999,3.3000000000000003,130.43800000000002,no_action
7.0,38.10117800300134,0.2857142857142857,9.799999999999999,15.700000000000001,182.19228571428576,heavy_vehicle_ban
2.0,71.97912444117554,0.5,2.8,6.2,181.52800000000002,heavy_vehicle_ban
3.0,60.863469966397815,0.3333333333333333,4.199999999999999,7.300000000000001,168.83800000000002,heavy_vehicle_ban
1.0,49.93401075673605,0.0,1.4,1.1,125.81800000000003,no_action
8.0,31.507570075846925,0.0,11.2,8.8,141.98800000000003,rerouting
3.0,49.98605278937947,0.0,4.199999999999999,3.3000000000000003,130.43800000000002,no_action
1.0,89.881984831543,0.0,1.4,1.1,125.81800000000003,no_action
1.0,87.50677202237145,0.0,1.4,1.1,125.81800000000003,no_action
4.0,49.21098051016949,0.0,5.6,4.4,132.74800000000002,no_action
2.0,59.472823178709184,0.0,2.8,2.2,128.12800000000001,no_action
2.0,55.73384081031911,0.0,2.8,2.2,128.12800000000001,no_action
2.0,48.20176540198241,0.0,2.8,2.2,128.12800000000001,no_action
3.0,8.24010355006766,0.0,40.87177218985114,33.61979289986468,194.10956508971583,speed_harmonization
2.0,78.9043768907684,0.0,2.8,2.2,128.12800000000001,no_action
2.0,75.22428955835042,0.5,2.8,6.2,181.52800000000002,no_action
5.0,67.68650804952769,0.0,7.0,5.5,135.05800000000002,no_action
1.0,19.217565025493418,1.0,11.921356943914482,10.664869949013164,235.90422689292768,no_action
1.0,73.03181645913962,0.0,1.4,1.1,125.81800000000003,no_action
1.0,69.97758951831527,0.0,1.4,1.1,125.81800000000003,no_action
19.0,12.935553060361238,0.15789473684210525,76.94178326720527,87.42889387927752,321.3192034622723,idling_restriction
1.0,48.307521521934625,0.0,1.4,1.1,125.81800000000003,no_action
1.0,47.711078566332205,0.0,1.4,1.1,125.81800000000003,no_action
1.0,34.26021742844825,0.0,1.4,1.1,125.81800000000003,no_action
3.0,9.311911391580047,0.0,36.5137949385239,28.676177216839907,183.72797215536383,speed_harmonization
2.0,39.63326699054901,0.0,2.8,2.2,128.12800000000001,no_action
2.0,29.971238745651846,0.0,2.8,2.2,128.12800000000001,no_action
4.0,29.91537228706651,0.5,5.6,12.4,194.54800000000003,heavy_vehicle_ban
2.0,49.26146285394232,0.0,2.8,2.2,128.12800000000001,no_action
1.0,54.60293899528704,0.0,1.4,1.1,125.81800000000003,no_action
1.0,67.95759090538756,0.0,1.4,1.1,125.81800000000003,no_action
6.0,14.059756480488728,0.16666666666666666,38.2685357429248,37.680487039022545,217.63702278194737,speed_harmonization
1.0,74.09035193150712,0.0,1.4,1.1,125.81800000000003,no_action
3.0,8.326287015598611,0.0,42.68216856568306,36.24742596880278,199.62759453448587,speed_harmonization
2.0,49.94167202814275,0.0,2.8,2.2,128.12800000000001,no_action
9.0,33.224718781977174,0.1111111111111111,12.6,13.9,162.69800000000004,heavy_vehicle_ban
1.0,29.161234306278356,1.0,1.4,5.1,224.21800000000002,no_action
2.0,29.95688622250006,0.5,2.8,6.2,181.52800000000002,heavy_vehicle_ban
4.0,29.732347681052683,0.25,7.6,11.2,169.52800000000002,heavy_vehicle_ban
1.0,69.83669389565667,0.0,1.4,1.1,125.81800000000003,no_action
1.0,69.83756775126082,0.0,1.4,1.1,125.81800000000003,no_action
1.0,38.66598728751586,0.0,1.4,1.1,125.81800000000003,no_action
1.0,10.507035127448795,0.0,31.084522719612654,24.085929745102412,174.0884524647151,no_action
1.0,78.90539974889354,0.0,1.4,1.1,125.81800000000003,no_action
1.0,83.22322913386243,0.0,1.4,1.1,125.81800000000003,no_action
9.0,16.202139123293087,0.1111111111111111,29.755293928755208,25.495721753413825,187.04901568216906,rerouting
1.0,73.36352768511142,0.0,1.4,1.1,125.81800000000003,no_action
1.0,75.00593379711773,0.0,1.4,1.1,125.81800000000003,no_action
2.0,59.478324414143515,0.0,2.8,2.2,128.12800000000001,no_action
2.0,47.1688097138824,0.0,2.8,2.2,128.12800000000001,no_action
1.0,54.18834756488027,0.0,1.4,1.1,125.81800000000003,no_action
1.0,32.137386121237085,0.0,1.4,1.1,125.81800000000003,no_action
1.0,39.035032223025034,0.0,1.4,1.1,125.81800000000003,no_action
2.0,34.97493825602469,0.5,2.8,6.2,181.52800000000002,heavy_vehicle_ban
1.0,39.58208432896884,0.0,1.4,1.1,125.81800000000003,no_action
1.0,30.205879565180588,0.0,1.4,1.1,125.81800000000003,no_action
1.0,12.29268815690091,0.0,27.156086054817997,20.51462368619818,166.5887097410162,no_action
1.0,27.636071088761604,0.0,1.4,1.1,125.81800000000003,no_action
1.0,39.27370693564337,0.0,1.4,1.1,125.81800000000003,no_action
1.0,9.821790093229474,0.0,32.59206179489516,25.456419813541054,176.96648160843625,no_action
1.0,50.003999997588146,0.0,1.4,1.1,125.81800000000003,no_action
1.0,39.829059655381485,0.0,1.4,1.1,125.81800000000003,no_action
1.0,25.802332023087157,1.0,1.4,5.1,224.21800000000002,no_action
3.0,24.35297577109286,0.0,4.199999999999999,3.3000000000000003,130.43800000000002,no_action
2.0,49.24570421403399,0.0,2.8,2.2,128.12800000000001,no_action
1.0,69.96610734187539,0.0,1.4,1.1,125.81800000000003,no_action
1.0,22.717254465759076,0.0,4.222040175330033,1.1,125.81800000000003,no_action
1.0,47.358086130851824,0.0,1.4,1.1,125.81800000000003,no_action
2.0,29.96541747253379,0.5,2.8,6.2,181.52800000000002,heavy_vehicle_ban
1.0,39.9946831437797,0.0,1.4,1.1,125.81800000000003,no_action
1.0,43.300992917154986,0.0,1.4,1.1,125.81800000000003,no_action
1.0,2.3698228539401427,1.0,48.98638972133169,44.360354292119716,306.6647440134514,no_action
2.0,16.766448946310827,0.0,18.71381231811618,12.667102107378344,150.10891442549456,no_action
1.0,38.74120375069121,0.0,1.4,1.1,125.81800000000003,no_action
1.0,12.851972037746396,0.0,25.92566151695793,19.39605592450721,164.23971744146516,no_action
1.0,0.0,1.0,56.2,51.9,322.49800000000005,no_action
3.0,47.830273175041505,0.0,4.199999999999999,3.3000000000000003,130.43800000000002,no_action
2.0,68.31525408477948,0.0,2.8,2.2,128.12800000000001,no_action
2.0,64.36753423538616,0.0,2.8,2.2,128.12800000000001,no_action
6.0,3.1977258279207383,0.0,62.16500317857438,55.40454834415853,239.85755152273293,speed_harmonization
4.0,43.95911883529836,0.0,5.6,4.4,132.74800000000002,no_action
2.0,3.4322327606317025,0.0,48.049087926610255,39.3355344787366,206.11262240534688,speed_harmonization
2.0,49.90626167973924,0.0,2.8,2.2,128.12800000000001,no_action
2.0,12.195436548353749,0.0,30.770039593621753,24.609126903292502,175.18716649691427,speed_harmonization
4.0,17.527659022999426,0.0,21.839150149401263,16.144681954001147,157.41183210340245,speed_harmonization
1.0,4.355850082328536,0.0,44.61712981887722,36.38829983534293,199.92342965422017,no_action
3.0,48.1836780897879,0.3333333333333333,4.199999999999999,7.300000000000001,168.83800000000002,heavy_vehicle_ban
1.0,59.99532736710386,0.0,1.4,1.1,125.81800000000003,no_action
2.0,39.506314189137406,0.0,2.8,2.2,128.12800000000001,no_action
2.0,47.84553152138523,0.0,2.8,2.2,128.12800000000001,no_action
2.0,12.831205013373001,0.5,27.3713489705794,24.537589973253997,220.03693894383343,heavy_vehicle_ban
1.0,74.89117519558545,0.0,1.4,1.1,125.81800000000003,no_action
8.0,13.719803162983267,0.0,39.81643304143681,33.760393674033466,194.4048267154703,speed_harmonization
1.0,44.602122277520024,0.0,1.4,1.1,125.81800000000003,no_action
3.0,12.025975446142986,0.0,30.542854018485432,23.248049107714028,172.3289031261995,speed_harmonization
4.0,30.474040319092275,0.0,5.6,4.4,132.74800000000002,no_action
3.0,41.258872829890876,0.0,4.199999999999999,3.3000000000000003,130.43800000000002,no_action
2.0,0.0,0.0,59.6,51.8,232.288,speed_harmonization
1.0,64.9949919539367,0.0,1.4,1.1,125.81800000000003,no_action
1.0,37.17911152738108,0.0,1.4,1.1,125.81800000000003,no_action
3.0,46.66781412717174,0.0,4.199999999999999,3.3000000000000003,130.43800000000002,no_action
1.0,59.96761826641593,0.0,1.4,1.1,125.81800000000003,no_action
1.0,37.51516110808434,0.0,1.4,1.1,125.81800000000003,no_action
1.0,50.0039952982927,0.0,1.4,1.1,125.81800000000003,no_action
4.0,46.87828125006843,0.0,5.6,4.4,132.74800000000002,no_action
1.0,35.1698536094832,0.0,1.4,1.1,125.81800000000003,no_action
2.0,47.07321038702093,0.0,2.8,2.2,128.12800000000001,no_action
1.0,65.95517016929416,0.0,1.4,1.1,125.81800000000003,no_action
1.0,75.00599999879408,0.0,1.4,1.1,125.81800000000003,no_action
2.0,32.94777715967634,0.5,2.8,6.2,181.52800000000002,heavy_vehicle_ban
1.0,46.2384854547039,0.0,1.4,1.1,125.81800000000003,no_action
1.0,50.00399981746916,0.0,1.4,1.1,125.81800000000003,no_action
1.0,38.94961303597951,0.0,1.4,1.1,125.81800000000003,no_action
1.0,49.53640012340941,0.0,1.4,1.1,125.81800000000003,no_action
1.0,28.322045056647983,0.0,1.4,1.1,125.81800000000003,no_action
2.0,49.4305433078771,0.0,2.8,2.2,128.12800000000001,no_action
10.0,25.0631373008884,0.0,20.0,19.4,164.24800000000002,idling_restriction
2.0,44.83144155607416,0.0,2.8,2.2,128.12800000000001,no_action
6.0,30.089336797795056,0.16666666666666666,8.399999999999999,10.600000000000001,160.76800000000003,heavy_vehicle_ban
9.0,23.51457219578813,0.0,17.667941169266115,15.5,156.05800000000002,speed_harmonization
3.0,39.476606457509845,0.0,4.199999999999999,3.3000000000000003,130.43800000000002,no_action
1.0,22.57193824590669,1.0,4.541735859005282,5.1,224.21800000000002,no_action
1.0,64.99799651409577,1.0,1.4,5.1,224.21800000000002,no_action
1.0,64.9979999875534,1.0,1.4,5.1,224.21800000000002,no_action
1.0,59.920534999453515,0.0,1.4,1.1,125.81800000000003,no_action
5.0,47.98577708330031,0.0,7.0,5.5,135.05800000000002,rerouting
1.0,48.795551747145296,0.0,1.4,1.1,125.81800000000003,no_action
1.0,29.743919925921077,0.0,1.4,1.1,125.81800000000003,no_action
1.0,8.078773806769565,0.0,36.42669762510696,28.94245238646087,184.28715001156786,no_action
3.0,61.41496521787102,0.0,4.199999999999999,3.3000000000000003,130.43800000000002,no_action
2.0,74.50051973250284,0.0,2.8,2.2,128.12800000000001,no_action
7.0,46.63387268865473,0.14285714285714285,9.799999999999999,11.700000000000001,160.9351428571429,rerouting
1.0,84.9646321520577,0.0,1.4,1.1,125.81800000000003,no_action
3.0,64.96754858208854,0.3333333333333333,4.199999999999999,7.300000000000001,168.83800000000002,heavy_vehicle_ban
1.0,52.18257099015873,0.0,1.4,1.1,125.81800000000003,no_action
1.0,49.99150417739272,0.0,1.4,1.1,125.81800000000003,no_action
11.0,21.811208689138205,0.0,22.215340883895948,15.277582621723592,155.59092350561957,rerouting
3.0,49.98135565318664,0.0,4.199999999999999,3.3000000000000003,130.43800000000002,no_action
4.0,66.30910491638055,0.0,5.6,4.4,132.74800000000002,no_action
3.0,53.057350447099,0.0,4.199999999999999,3.3000000000000003,130.43800000000002,no_action
3.0,56.29822455280438,0.0,4.199999999999999,3.3000000000000003,130.43800000000002,no_action
2.0,58.78582473634997,0.0,2.8,2.2,128.12800000000001,no_action
1.0,64.96736810148374,0.0,1.4,1.1,125.81800000000003,no_action
2.0,47.26020088528042,0.0,2.8,2.2,128.12800000000001,no_action
2.0,2.9866277348707695,0.0,51.02941898328431,43.02674453025846,213.8641635135428,heavy_vehicle_ban
1.0,0.0,0.0,56.2,47.9,224.098,no_action
2.0,67.44692610554301,0.5,2.8,6.2,181.52800000000002,heavy_vehicle_ban
2.0,79.93196353991803,0.0,2.8,2.2,128.12800000000001,no_action
5.0,67.32195931572807,0.0,7.0,5.5,135.05800000000002,no_action
1.0,59.33697170965,0.0,1.4,1.1,125.81800000000003,no_action
1.0,71.02698973476984,0.0,1.4,1.1,125.81800000000003,no_action
4.0,51.83291140689655,0.0,5.6,4.4,132.74800000000002,no_action
17.0,9.13143272557341,0.11764705882352941,70.5108480037385,72.03713454885317,285.3742178467093,idling_restriction
1.0,20.593051222801193,1.0,8.895287309837375,7.913897554397613,230.127184864235,no_action
1.0,42.588406025294205,0.0,1.4,1.1,125.81800000000003,no_action
1.0,3.4383275582308412,1.0,46.63567937189215,42.22334488353832,302.1770242554305,no_action
1.0,44.320969581427654,0.0,1.4,1.1,125.81800000000003,no_action
3.0,18.776866372960637,0.0,17.6908939794866,12.546267254078726,149.85516123356535,no_action
1.0,57.051001674947315,0.0,1.4,1.1,125.81800000000003,no_action
6.0,29.79889643630329,0.3333333333333333,8.399999999999999,14.600000000000001,184.16800000000003,heavy_vehicle_ban
2.0,33.38245223750758,0.0,6.8,7.8,139.88800000000003,no_action
3.0,40.039038813972425,0.3333333333333333,4.199999999999999,7.300000000000001,168.83800000000002,no_action
3.0,13.5076393227239,0.3333333333333333,29.28319349000742,27.0847213545522,210.38591484455964,heavy_vehicle_ban
2.0,65.8071538187389,0.0,2.8,2.2,128.12800000000001,no_action
4.0,0.07606321493422899,0.0,66.2326609271447,59.44787357013154,248.34853449727626,speed_harmonization
2.0,49.857460458104924,0.0,2.8,2.2,128.12800000000001,no_action
8.0,35.10878374661507,0.0,11.2,8.8,141.98800000000003,rerouting
2.0,29.84372803485867,0.5,2.8,6.2,181.52800000000002,heavy_vehicle_ban
6.0,37.790764875865754,0.3333333333333333,8.399999999999999,14.600000000000001,184.16800000000003,heavy_vehicle_ban
3.0,36.36206137989689,0.0,6.199999999999999,6.1,136.318,no_action
1.0,67.0817741498702,0.0,1.4,1.1,125.81800000000003,no_action
1.0,9.077634251195967,1.0,34.229204647368874,30.944731497608068,278.491936144977,no_action
10.0,10.542015184659057,0.0,45.60756659375008,36.71596963068188,200.61153622443197,speed_harmonization
1.0,65.98212174671782,0.0,1.4,1.1,125.81800000000003,no_action
1.0,79.11971334484684,0.0,1.4,1.1,125.81800000000003,no_action
1.0,79.3994046206957,0.0,1.4,1.1,125.81800000000003,no_action
2.0,17.880610096573864,0.5,16.2626577875375,14.43877980685227,198.8294375943898,heavy_vehicle_ban
1.0,52.34232341094457,0.0,1.4,1.1,125.81800000000003,no_action
1.0,45.69184418846409,0.0,1.4,1.1,125.81800000000003,no_action
2.0,37.36800771426899,0.0,2.8,2.2,128.12800000000001,no_action
1.0,25.024214472337725,1.0,1.4,5.1,224.21800000000002,no_action
2.0,34.98309887255387,0.5,2.8,6.2,181.52800000000002,heavy_vehicle_ban
1.0,0.0,0.0,56.2,47.9,224.098,no_action
3.0,0.15953418599965694,0.0,60.64902479080075,52.580931628000684,233.92795641880147,speed_harmonization
3.0,44.390956887998094,0.0,4.199999999999999,3.3000000000000003,130.43800000000002,no_action
1.0,49.696707783645216,0.0,1.4,1.1,125.81800000000003,no_action
1.0,33.32710900689397,0.0,1.4,1.1,125.81800000000003,no_action
1.0,18.667750731933978,0.0,13.13094838974525,7.764498536132043,139.81344692587732,no_action
2.0,0.14045594619489887,0.0,59.29099691837123,51.5190881076102,231.69808502598147,speed_harmonization
1.0,39.99599999420102,0.0,1.4,1.1,125.81800000000003,no_action
1.0,1.7207626622767274,1.0,50.4143221429912,45.65847467544655,309.39079681843776,no_action
2.0,62.8423036494375,0.0,2.8,2.2,128.12800000000001,no_action
1.0,76.25793208110093,0.0,1.4,1.1,125.81800000000003,no_action
1.0,34.56410158841216,0.0,1.4,1.1,125.81800000000003,no_action
1.0,28.802022851431,0.0,1.4,1.1,125.81800000000003,no_action
1.0,24.110848800000003,0.0,1.4,1.1,125.81800000000003,no_action
2.0,48.06187115065803,0.0,2.8,2.2,128.12800000000001,no_action
2.0,29.945430778077974,0.5,2.8,6.2,181.52800000000002,heavy_vehicle_ban
1.0,44.8581337195764,0.0,1.4,1.1,125.81800000000003,no_action
1.0,0.0,1.0,56.2,51.9,322.49800000000005,no_action
1.0,37.76317742616629,0.0,1.4,1.1,125.81800000000003,no_action
1.0,41.92355037327349,0.0,1.4,1.1,125.81800000000003,no_action
1.0,0.0,1.0,56.2,51.9,322.49800000000005,no_action
3.0,45.92973262064789,0.0,4.199999999999999,3.3000000000000003,130.43800000000002,no_action
3.0,62.299797311507405,0.0,4.199999999999999,3.3000000000000003,130.43800000000002,no_action
2.0,57.36914676339659,0.0,2.8,2.2,128.12800000000001,no_action
2.0,17.157351740549917,0.0,17.853826170790185,11.885296518900166,148.46712268969037,no_action
8.0,0.0050812977994601815,0.0,79.9888211448412,75.18983740440108,281.4066585492423,speed_harmonization
1.0,49.728179794648135,0.0,1.4,1.1,125.81800000000003,no_action
3.0,39.73853734650761,0.0,4.199999999999999,3.3000000000000003,130.43800000000002,no_action
1.0,8.514206286439325,0.0,35.46874616983349,28.07158742712135,182.45833359695487,no_action
1.0,49.887505039151634,0.0,1.4,1.1,125.81800000000003,no_action
2.0,0.000489608201302427,0.0,59.598922861957135,51.79902078359739,232.28594364555454,idling_restriction
4.0,0.009704878882414369,0.0,66.3786492664587,59.580590242235175,248.6272395086939,speed_harmonization
1.0,11.023555640965103,0.0,29.948177589876774,23.052888718069795,171.9190663079466,no_action
1.0,49.860046317233284,0.0,1.4,1.1,125.81800000000003,no_action
3.0,36.10640727128081,0.3333333333333333,4.199999999999999,7.300000000000001,168.83800000000002,rerouting
1.0,44.657831216766404,0.0,1.4,1.1,125.81800000000003,no_action
1.0,37.541269728805005,0.0,1.4,1.1,125.81800000000003,no_action
3.0,0.03685368036950786,0.3333333333333333,62.91892190318708,59.62629263926098,278.7232145424481,idling_restriction
9.0,1.5598001758098865,0.0,77.96843961321825,73.18039964838022,277.1868392615985,idling_restriction
2.0,28.545217471400353,0.0,2.8,2.2,128.12800000000001,no_action
3.0,26.227559198094607,0.0,4.199999999999999,3.3000000000000003,130.43800000000002,no_action
2.0,46.876958197469186,0.0,2.8,2.2,128.12800000000001,no_action
1.0,47.595239393572164,0.0,1.4,1.1,125.81800000000003,no_action
1.0,2.017048885738499,0.0,49.7624924513753,41.065902228523,209.74639467989834,no_action
1.0,49.60032595647487,0.0,1.4,1.1,125.81800000000003,no_action
1.0,60.63732588890692,0.0,1.4,1.1,125.81800000000003,no_action
2.0,56.31464387306567,0.0,2.8,2.2,128.12800000000001,no_action
2.0,49.06885904688184,0.0,2.8,2.2,128.12800000000001,no_action
1.0,39.99017503846875,0.0,1.4,1.1,125.81800000000003,no_action
3.0,46.806508105380686,0.0,4.199999999999999,3.3000000000000003,130.43800000000002,no_action
1.0,59.912383431345766,0.0,1.4,1.1,125.81800000000003,no_action
1.0,49.71964877655628,0.0,1.4,1.1,125.81800000000003,no_action
1.0,47.785306020910966,0.0,1.4,1.1,125.81800000000003,no_action
3.0,46.431277262907194,0.0,4.199999999999999,3.3000000000000003,130.43800000000002,no_action
1.0,58.711795020974535,0.0,1.4,1.1,125.81800000000003,no_action
3.0,25.583535857298152,0.3333333333333333,4.199999999999999,7.300000000000001,168.83800000000002,heavy_vehicle_ban
1.0,46.52960323053694,0.0,1.4,1.1,125.81800000000003,no_action
1.0,50.00399999758744,0.0,1.4,1.1,125.81800000000003,no_action
1.0,19.212727798336697,0.0,11.931998843659267,6.674544403326605,137.5245432469859,no_action
1.0,49.875235935044685,0.0,1.4,1.1,125.81800000000003,no_action
1.0,5.875091489605518,0.0,41.274798722867864,33.34981702078897,193.54261574365688,no_action
1.0,47.856024262035035,0.0,1.4,1.1,125.81800000000003,no_action
7.0,31.10654075918022,0.0,11.799999999999999,10.5,145.55800000000002,idling_restriction
3.0,42.77977874997397,0.0,4.199999999999999,3.3000000000000003,130.43800000000002,no_action
6.0,24.95375986231315,0.0,8.399999999999999,6.6000000000000005,137.36800000000002,rerouting
8.0,29.87556251541167,0.0,11.2,8.8,141.98800000000003,rerouting
1.0,24.018440224689044,0.0,1.4,1.1,125.81800000000003,no_action
2.0,39.93287845878773,0.0,2.8,2.2,128.12800000000001,no_action
1.0,47.99848859302377,0.0,1.4,1.1,125.81800000000003,no_action
1.0,29.987999998863213,1.0,1.4,5.1,224.21800000000002,no_action
1.0,75.6946665441526,0.0,1.4,1.1,125.81800000000003,no_action
3.0,46.45162346506213,0.3333333333333333,4.199999999999999,7.300000000000001,168.83800000000002,rerouting
1.0,64.99799999973423,1.0,1.4,5.1,224.21800000000002,no_action
2.0,54.77318940681442,0.0,2.8,2.2,128.12800000000001,no_action
4.0,45.859474852380266,0.0,5.6,4.4,132.74800000000002,no_action
1.0,49.99060234780136,0.0,1.4,1.1,125.81800000000003,no_action
1.0,23.837040358599882,0.0,1.758511211080259,1.1,125.81800000000003,no_action
1.0,44.218932575242654,0.0,1.4,1.1,125.81800000000003,no_action
2.0,21.516000802547012,0.0,8.264798234396574,3.1679983949059762,130.16079662930258,no_action
1.0,58.45401678615426,0.0,1.4,1.1,125.81800000000003,no_action
3.0,67.75332622168222,0.0,4.199999999999999,3.3000000000000003,130.43800000000002,no_action
8.0,50.477961285656,0.125,11.2,12.8,161.63800000000003,heavy_vehicle_ban
2.0,74.7845508677625,0.0,2.8,2.2,128.12800000000001,no_action
5.0,50.30637804843119,0.0,7.0,5.5,135.05800000000002,speed_harmonization
1.0,90.44795334319227,0.0,1.4,1.1,125.81800000000003,no_action
6.0,20.976411615557968,0.0,15.051894445772469,8.647176768884066,141.66707121465657,speed_harmonization
3.0,40.596577329970614,0.0,4.199999999999999,3.3000000000000003,130.43800000000002,no_action
3.0,49.9739730822401,0.0,4.199999999999999,3.3000000000000003,130.43800000000002,no_action
2.0,79.86812808147982,0.0,2.8,2.2,128.12800000000001,no_action
1.0,84.99722473754098,0.0,1.4,1.1,125.81800000000003,no_action
2.0,49.0505539833802,0.0,2.8,2.2,128.12800000000001,no_action
3.0,56.38156192613245,0.0,4.199999999999999,3.3000000000000003,130.43800000000002,no_action
1.0,64.99764325848179,0.0,1.4,1.1,125.81800000000003,no_action
4.0,17.06771069564508,0.0,24.851036469580826,19.86457860870984,165.2236150782907,speed_harmonization
2.0,76.89778526814787,0.0,2.8,2.2,128.12800000000001,no_action
3.0,72.92145099279033,0.0,4.199999999999999,3.3000000000000003,130.43800000000002,no_action
3.0,78.22652798590623,0.0,4.199999999999999,3.3000000000000003,130.43800000000002,no_action
1.0,38.028755269067986,0.0,1.4,1.1,125.81800000000003,no_action
1.0,74.9633778503768,0.0,1.4,1.1,125.81800000000003,no_action
5.0,54.46174863001268,0.0,7.0,5.5,135.05800000000002,no_action
15.0,16.042419122676677,0.13333333333333333,38.50667793011131,36.41516175464665,211.979839684758,heavy_vehicle_ban
1.0,25.253554965278507,1.0,1.4,5.1,224.21800000000002,no_action
1.0,49.973997521123884,0.0,1.4,1.1,125.81800000000003,no_action
1.0,18.08305140803065,0.0,14.417286902332574,8.933897183938702,142.2691840862713,no_action
1.0,29.460922964526606,1.0,1.4,5.1,224.21800000000002,no_action
1.0,41.22445362968785,0.0,1.4,1.1,125.81800000000003,no_action
4.0,31.3084133000878,0.25,5.6,8.4,163.64800000000002,heavy_vehicle_ban
2.0,39.9635314941744,0.0,2.8,2.2,128.12800000000001,no_action
2.0,33.336,0.0,6.8,7.8,139.88800000000003,speed_harmonization
1.0,64.99678106402388,1.0,1.4,5.1,224.21800000000002,no_action
4.0,24.922838547772457,0.25,7.6,11.2,169.52800000000002,heavy_vehicle_ban
3.0,61.900714394398264,0.0,4.199999999999999,3.3000000000000003,130.43800000000002,no_action
1.0,8.323394721505315,1.0,35.88853161268831,32.453210556989376,281.6597421696777,no_action
5.0,4.912619858425122,0.0,56.99223631146473,50.874760283149755,230.3449965946145,speed_harmonization
1.0,49.89400895835715,0.0,1.4,1.1,125.81800000000003,no_action
4.0,33.17553796563516,0.25,5.6,8.4,163.64800000000002,heavy_vehicle_ban
2.0,28.553536142018654,0.5,2.8,6.2,181.52800000000002,no_action
12.0,40.45371684523087,0.16666666666666666,16.799999999999997,21.200000000000003,183.02800000000002,rerouting
2.0,34.8297645019006,0.0,4.8,5.0,134.00800000000004,speed_harmonization
2.0,40.8939703206535,0.0,2.8,2.2,128.12800000000001,no_action
1.0,10.195147878399862,0.0,31.770674667520304,24.709704243200278,175.39837891072062,no_action
2.0,71.63521029009624,0.0,2.8,2.2,128.12800000000001,no_action
13.0,5.570764146136019,0.07692307692307693,62.74431887850075,56.758471707727956,249.62386750930565,idling_restriction
2.0,66.32375597318187,0.0,2.8,2.2,128.12800000000001,no_action
3.0,58.81870833000812,0.0,4.199999999999999,3.3000000000000003,130.43800000000002,no_action
2.0,44.00535575779653,0.0,2.8,2.2,128.12800000000001,no_action
1.0,31.77299857418908,0.0,1.4,1.1,125.81800000000003,no_action
2.0,37.249884728751105,0.0,2.8,2.2,128.12800000000001,no_action
1.0,14.898205912111306,0.0,21.423946993355127,15.303588175777387,155.64553516913253,no_action
2.0,39.630949069208704,0.5,2.8,6.2,181.52800000000002,heavy_vehicle_ban
2.0,9.479815664535161,0.0,34.74440553802265,27.240368670929676,180.71277420895234,speed_harmonization
1.0,45.530534558953995,0.0,1.4,1.1,125.81800000000003,no_action
1.0,41.58148333283898,0.0,1.4,1.1,125.81800000000003,no_action
1.0,48.33307326870757,0.0,1.4,1.1,125.81800000000003,no_action
1.0,42.29539267430586,0.0,1.4,1.1,125.81800000000003,no_action
1.0,44.99812959948462,0.0,1.4,1.1,125.81800000000003,no_action
1.0,48.03877989797594,0.0,1.4,1.1,125.81800000000003,no_action
1.0,29.421342454148665,1.0,1.4,5.1,224.21800000000002,no_action
1.0,26.318563199981025,0.0,1.4,1.1,125.81800000000003,no_action
2.0,0.0,0.0,59.6,51.8,232.288,speed_harmonization
1.0,49.76398087564627,0.0,1.4,1.1,125.81800000000003,no_action
2.0,4.316633689646304,0.0,46.103405882778134,37.5667326207074,202.39813850348557,speed_harmonization
1.0,69.37584942759588,0.0,1.4,1.1,125.81800000000003,no_action
1.0,72.12567950751091,0.0,1.4,1.1,125.81800000000003,no_action
1.0,15.41249306930435,0.0,20.292515247530428,14.2750138613913,153.48552910892175,no_action
2.0,15.780249391048416,0.0,22.883451339693487,17.439501217903167,160.1309525575967,speed_harmonization
1.0,28.08590270761156,1.0,1.4,5.1,224.21800000000002,no_action
1.0,18.642883343285405,0.0,13.185656644772111,7.81423331342919,139.91788995820133,no_action
1.0,30.051752744047786,0.0,1.4,1.1,125.81800000000003,no_action
1.0,22.729680000000002,0.0,4.194703999999996,1.1,125.81800000000003,no_action
1.0,46.75066043868833,0.0,1.4,1.1,125.81800000000003,no_action
2.0,29.87967982343777,0.5,2.8,6.2,181.52800000000002,rerouting
1.0,27.8456112,0.0,1.4,1.1,125.81800000000003,no_action
1.0,61.70832902343459,0.0,1.4,1.1,125.81800000000003,no_action
1.0,39.817566300873146,0.0,1.4,1.1,125.81800000000003,no_action
1.0,0.0,1.0,56.2,51.9,322.49800000000005,no_action
1.0,43.058377579828324,0.0,1.4,1.1,125.81800000000003,no_action
1.0,49.08196570570508,0.0,1.4,1.1,125.81800000000003,no_action
1.0,0.0,0.0,56.2,47.9,224.098,no_action
1.0,46.71397209556069,0.0,1.4,1.1,125.81800000000003,no_action
1.0,48.780402657812516,0.0,1.4,1.1,125.81800000000003,no_action
2.0,66.38093316092585,0.0,2.8,2.2,128.12800000000001,no_action
2.0,58.332516491843954,0.0,2.8,2.2,128.12800000000001,no_action
8.0,0.0,0.0,80.0,75.2,281.42800000000005,speed_harmonization
1.0,50.00399994428596,0.0,1.4,1.1,125.81800000000003,no_action
1.0,46.534903381616154,0.0,1.4,1.1,125.81800000000003,no_action
2.0,38.57720910162029,0.0,2.8,2.2,128.12800000000001,no_action
2.0,0.11062782297399638,0.0,59.35661878945721,51.578744354052006,231.82336314350925,speed_harmonization
4.0,0.0,0.0,66.4,59.6,248.66800000000003,speed_harmonization
2.0,27.22583412655477,0.0,4.8,5.0,134.00800000000004,idling_restriction
1.0,5.341761509740161,0.0,42.44812467857165,34.41647698051968,195.78260165909137,no_action
1.0,44.7834155597769,0.0,1.4,1.1,125.81800000000003,no_action
4.0,7.938952942236987,0.0,40.93430352707863,32.52209411552602,191.80439764260467,idling_restriction
7.0,16.93494617736548,0.0,25.34311840979595,17.830107645269045,160.95122605506504,no_action
5.0,34.0782705492969,0.0,7.0,5.5,135.05800000000002,rerouting
1.0,39.06704859413624,0.0,1.4,1.1,125.81800000000003,no_action
4.0,24.724396076898117,0.0,7.6,7.2,138.62800000000001,idling_restriction
1.0,0.0,0.0,56.2,47.9,224.098,no_action
2.0,33.89632252764024,0.0,2.8,2.2,128.12800000000001,no_action
1.0,50.003989512011614,0.0,1.4,1.1,125.81800000000003,no_action
1.0,75.00599632883042,0.0,1.4,1.1,125.81800000000003,no_action
1.0,60.42149930475852,0.0,1.4,1.1,125.81800000000003,no_action
4.0,54.65049573317619,0.0,5.6,4.4,132.74800000000002,no_action
2.0,37.910434988667355,0.5,2.8,6.2,181.52800000000002,heavy_vehicle_ban
1.0,36.92232167787954,0.0,1.4,1.1,125.81800000000003,no_action
1.0,32.585812377898066,0.0,1.4,1.1,125.81800000000003,no_action
1.0,45.41655233736695,0.0,1.4,1.1,125.81800000000003,no_action
1.0,64.61675301505123,0.0,1.4,1.1,125.81800000000003,no_action
1.0,58.72760926424182,0.0,1.4,1.1,125.81800000000003,no_action
1.0,49.63707017351102,0.0,1.4,1.1,125.81800000000003,no_action
1.0,45.73388300660412,0.0,1.4,1.1,125.81800000000003,no_action
1.0,34.70402942193762,0.0,1.4,1.1,125.81800000000003,no_action
1.0,49.83170288041974,0.0,1.4,1.1,125.81800000000003,no_action
1.0,50.00399040922647,0.0,1.4,1.1,125.81800000000003,no_action
3.0,43.300633418203915,0.0,4.199999999999999,3.3000000000000003,130.43800000000002,no_action
2.0,37.17706581106781,0.5,2.8,6.2,181.52800000000002,heavy_vehicle_ban
1.0,43.09014184766111,0.0,1.4,1.1,125.81800000000003,no_action
1.0,29.559113150969324,1.0,1.4,5.1,224.21800000000002,no_action
1.0,35.76558994095763,0.0,1.4,1.1,125.81800000000003,no_action
1.0,0.0,0.0,56.2,47.9,224.098,no_action
1.0,16.92833417151092,0.0,16.95766482267598,11.243331656978162,147.11899647965416,no_action
1.0,0.0,0.0,56.2,47.9,224.098,no_action
3.0,47.85279219626787,0.0,4.199999999999999,3.3000000000000003,130.43800000000002,no_action
9.0,29.37590388313163,0.0,18.6,18.299999999999997,161.93800000000002,rerouting
3.0,29.010805840299835,0.0,4.199999999999999,3.3000000000000003,130.43800000000002,no_action
1.0,28.321111242954643,1.0,1.4,5.1,224.21800000000002,no_action
10.0,29.25902012332336,0.0,16.0,13.8,152.48800000000003,rerouting
1.0,34.35847885608151,0.0,1.4,1.1,125.81800000000003,no_action
4.0,39.36141629524732,0.0,5.6,4.4,132.74800000000002,no_action
2.0,30.970347549573187,0.5,2.8,6.2,181.52800000000002,heavy_vehicle_ban
2.0,52.21069524909443,0.5,2.8,6.2,181.52800000000002,heavy_vehicle_ban
5.0,31.138115657961187,0.2,7.0,9.5,161.45800000000003,no_action
1.0,64.99799999973989,1.0,1.4,5.1,224.21800000000002,no_action
2.0,53.81421924409773,0.0,2.8,2.2,128.12800000000001,no_action
3.0,48.82281451195088,0.0,4.199999999999999,3.3000000000000003,130.43800000000002,no_action
2.0,39.47998087220794,0.0,2.8,2.2,128.12800000000001,no_action
2.0,34.96314536771847,0.5,2.8,6.2,181.52800000000002,rerouting
1.0,9.342806359457406,0.0,33.64582600919371,26.41438728108519,178.97821329027892,no_action
3.0,65.49788547623129,0.0,4.199999999999999,3.3000000000000003,130.43800000000002,no_action
2.0,72.43138128656771,0.0,2.8,2.2,128.12800000000001,no_action
7.0,55.23981462112197,0.0,9.799999999999999,7.700000000000001,139.67800000000003,rerouting
2.0,72.27879690982506,0.0,2.8,2.2,128.12800000000001,no_action
3.0,72.31025457438544,0.0,4.199999999999999,3.3000000000000003,130.43800000000002,no_action
1.0,89.91141059875179,0.0,1.4,1.1,125.81800000000003,no_action
1.0,90.00145802123185,0.0,1.4,1.1,125.81800000000003,no_action
1.0,40.5068055208759,0.0,1.4,1.1,125.81800000000003,no_action
3.0,49.31119467639184,0.0,4.199999999999999,3.3000000000000003,130.43800000000002,no_action
1.0,49.89931415638748,0.0,1.4,1.1,125.81800000000003,no_action
9.0,40.10229623939044,0.0,12.6,9.9,144.29800000000003,speed_harmonization
3.0,46.623144139815466,0.0,4.199999999999999,3.3000000000000003,130.43800000000002,no_action
5.0,65.57501273146308,0.0,7.0,5.5,135.05800000000002,no_action
1.0,87.22838679111449,0.0,1.4,1.1,125.81800000000003,no_action
2.0,56.045432804233855,0.0,2.8,2.2,128.12800000000001,no_action
3.0,56.585100002319095,0.0,4.199999999999999,3.3000000000000003,130.43800000000002,no_action
1.0,59.95995391201958,0.0,1.4,1.1,125.81800000000003,no_action
2.0,49.28638693769626,0.0,2.8,2.2,128.12800000000001,no_action
2.0,25.4860995301254,0.0,2.8,2.2,128.12800000000001,no_action
1.0,1.1543623163653176,0.0,51.6604029039963,42.791275367269364,213.36967827126568,no_action
1.0,46.193820606990684,0.0,1.4,1.1,125.81800000000003,no_action
2.0,76.6771887252614,0.0,2.8,2.2,128.12800000000001,no_action
5.0,63.74985223679094,0.2,7.0,9.5,161.45800000000003,heavy_vehicle_ban
1.0,73.96271193751726,0.0,1.4,1.1,125.81800000000003,no_action
2.0,43.94099370646825,0.5,2.8,6.2,181.52800000000002,heavy_vehicle_ban
1.0,68.46530915922756,0.0,1.4,1.1,125.81800000000003,no_action
2.0,62.8832174821978,0.0,2.8,2.2,128.12800000000001,no_action
18.0,13.545206291943483,0.1111111111111111,58.20054615772434,58.70958741611303,256.7981335738374,rerouting
1.0,46.48381008963287,0.0,1.4,1.1,125.81800000000003,no_action
1.0,49.973997597592486,0.0,1.4,1.1,125.81800000000003,no_action
1.0,30.225153175466644,0.0,1.4,1.1,125.81800000000003,no_action
4.0,7.049507185325582,0.25,42.89108419228373,38.30098562934884,226.4400698216326,heavy_vehicle_ban
1.0,53.220137887151346,0.0,1.4,1.1,125.81800000000003,no_action
3.0,23.545046591571573,0.3333333333333333,5.200897498542538,7.300000000000001,168.83800000000002,no_action
4.0,36.69672350692093,0.25,5.6,8.4,163.64800000000002,heavy_vehicle_ban
1.0,74.92560258629014,0.0,1.4,1.1,125.81800000000003,no_action
1.0,74.99406313925712,0.0,1.4,1.1,125.81800000000003,no_action
2.0,39.959464019169054,0.0,2.8,2.2,128.12800000000001,no_action
4.0,12.485674664279165,0.25,34.93151573858584,33.02865067144167,215.36816641002753,idling_restriction
3.0,52.648642918668294,0.0,4.199999999999999,3.3000000000000003,130.43800000000002,no_action
1.0,49.59623617423405,0.0,1.4,1.1,125.81800000000003,no_action
8.0,36.29530672033938,0.125,11.2,12.8,161.63800000000003,rerouting
9.0,30.07329581371655,0.1111111111111111,16.6,19.5,174.45800000000003,heavy_vehicle_ban
4.0,30.800058550764025,0.25,9.6,14.0,175.40800000000002,speed_harmonization
1.0,50.004000000000005,0.0,3.4,3.9,131.69800000000004,no_action
1.0,79.84592210393303,0.0,1.4,1.1,125.81800000000003,no_action
13.0,12.427835952015673,0.07692307692307693,45.658760905565515,40.244328095968655,214.94416592461116,heavy_vehicle_ban
1.0,68.10522813556268,0.0,1.4,1.1,125.81800000000003,no_action
1.0,57.53596105965492,0.0,1.4,1.1,125.81800000000003,no_action
2.0,28.3724115328657,0.5,2.8,6.2,181.52800000000002,heavy_vehicle_ban
2.0,40.47648314695445,0.0,2.8,2.2,128.12800000000001,no_action
1.0,43.61040526167166,0.0,1.4,1.1,125.81800000000003,no_action
1.0,39.1894494173083,0.0,1.4,1.1,125.81800000000003,no_action
1.0,9.118322448882626,0.0,34.139690612458224,26.86335510223475,179.921045714693,no_action
1.0,35.40243535886384,0.0,1.4,1.1,125.81800000000003,no_action
2.0,31.283328048395163,0.5,2.8,6.2,181.52800000000002,heavy_vehicle_ban
1.0,6.074658897008186,0.0,40.835750426581995,32.950682205983625,192.70443263256564,no_action
1.0,44.81993147533414,0.0,1.4,1.1,125.81800000000003,no_action
1.0,42.101429725815386,0.0,1.4,1.1,125.81800000000003,no_action
1.0,41.78489601855836,0.0,1.4,1.1,125.81800000000003,no_action
1.0,29.860561427463516,0.0,1.4,1.1,125.81800000000003,no_action
1.0,27.636071088761604,0.0,1.4,1.1,125.81800000000003,no_action
2.0,48.54936944316682,0.0,2.8,2.2,128.12800000000001,no_action
2.0,31.10994618771343,0.5,2.8,6.2,181.52800000000002,heavy_vehicle_ban
2.0,27.625312708484724,0.0,2.8,2.2,128.12800000000001,no_action
1.0,48.98695616918832,0.0,1.4,1.1,125.81800000000003,no_action
1.0,50.002073283509276,0.0,1.4,1.1,125.81800000000003,no_action
1.0,29.984462662261098,1.0,1.4,5.1,224.21800000000002,no_action
1.0,32.317290350079034,0.0,1.4,1.1,125.81800000000003,no_action
1.0,27.522339899865912,0.0,1.4,1.1,125.81800000000003,no_action
2.0,1.5985536676935028,0.0,54.0831819310743,45.802892664613,219.6940745956873,speed_harmonization
3.0,61.636479603197586,0.0,4.199999999999999,3.3000000000000003,130.43800000000002,no_action
1.0,3.2364998924319157,0.0,47.07970023664979,38.62700021513617,204.624700451786,no_action
1.0,43.01535591790247,0.0,1.4,1.1,125.81800000000003,no_action
1.0,37.25275922464571,0.0,1.4,1.1,125.81800000000003,no_action
1.0,48.12504512477966,0.0,1.4,1.1,125.81800000000003,no_action
2.0,29.32803252898689,0.5,2.8,6.2,181.52800000000002,no_action
1.0,33.59418960420533,0.0,1.4,1.1,125.81800000000003,no_action
1.0,24.377512592956926,0.0,1.4,1.1,125.81800000000003,no_action
1.0,47.55598005116462,0.0,1.4,1.1,125.81800000000003,no_action
1.0,0.0,0.0,56.2,47.9,224.098,no_action
2.0,44.87421502988442,0.0,2.8,2.2,128.12800000000001,no_action
1.0,49.8528615369532,0.0,1.4,1.1,125.81800000000003,no_action
2.0,66.29332313744773,0.0,2.8,2.2,128.12800000000001,no_action
1.0,64.28609813701003,0.0,1.4,1.1,125.81800000000003,no_action
1.0,21.21186160330464,0.0,7.533904472729791,2.6762767933907186,129.12818126612052,no_action
8.0,0.0,0.0,80.0,75.2,281.42800000000005,rerouting
2.0,4.57224693216893,0.0,47.54105674922835,39.85550613566214,207.20456288489052,speed_harmonization
2.0,0.0,0.0,59.6,51.8,232.288,heavy_vehicle_ban
1.0,46.18226390927479,0.0,1.4,1.1,125.81800000000003,no_action
4.0,20.163477715240166,0.0,16.040349026471635,10.873044569519667,146.34139359599132,no_action
1.0,49.96247702092587,0.0,1.4,1.1,125.81800000000003,no_action
3.0,42.3724056947816,0.0,6.199999999999999,6.1,136.318,no_action
5.0,1.9206397696102462,0.0,63.57459250685746,56.85872046077951,242.911312967637,speed_harmonization
1.0,74.42501032601588,0.0,1.4,1.1,125.81800000000003,no_action
5.0,37.35443463097434,0.0,7.0,5.5,135.05800000000002,no_action
5.0,35.63599187568764,0.0,7.0,5.5,135.05800000000002,no_action
5.0,25.61537523026054,0.0,7.0,5.5,135.05800000000002,no_action
5.0,7.671628384576441,0.0,50.92241755393184,45.356743230847115,218.757160784779,rerouting
1.0,0.0,0.0,56.2,47.9,224.098,no_action
2.0,34.33524622466136,0.0,2.8,2.2,128.12800000000001,no_action
1.0,45.343525874206705,0.0,1.4,1.1,125.81800000000003,no_action
1.0,75.00593674038565,0.0,1.4,1.1,125.81800000000003,no_action
2.0,32.87265519086443,0.0,2.8,2.2,128.12800000000001,no_action
1.0,75.00599999877949,0.0,1.4,1.1,125.81800000000003,no_action
4.0,52.318092515733305,0.0,5.6,4.4,132.74800000000002,no_action
1.0,39.96529466517774,0.0,1.4,1.1,125.81800000000003,no_action
1.0,64.92855715581074,0.0,1.4,1.1,125.81800000000003,no_action
1.0,40.191194707216475,0.0,1.4,1.1,125.81800000000003,no_action
2.0,23.126373668870098,0.0,4.721977928485784,2.2,128.12800000000001,no_action
1.0,49.81881367756338,0.0,1.4,1.1,125.81800000000003,no_action
1.0,49.910860283039824,0.0,1.4,1.1,125.81800000000003,no_action
1.0,49.883136438625364,0.0,1.4,1.1,125.81800000000003,no_action
3.0,44.34849421162166,0.0,4.199999999999999,3.3000000000000003,130.43800000000002,no_action
1.0,39.98166141812165,0.0,1.4,1.1,125.81800000000003,no_action
2.0,35.81683257962795,0.5,2.8,6.2,181.52800000000002,heavy_vehicle_ban
1.0,19.969532139949557,0.0,10.267029292110976,5.160935720100886,134.34596501221188,no_action
1.0,25.01317280411262,0.0,1.4,1.1,125.81800000000003,no_action
1.0,39.99599999876579,0.0,1.4,1.1,125.81800000000003,no_action
3.0,5.563270357169548,0.3333333333333333,46.76080521422699,42.9734592856609,243.75226449988793,speed_harmonization
5.0,46.93991297230963,0.0,7.0,5.5,135.05800000000002,no_action
8.0,15.669522816528893,0.0,33.52704980363644,27.060954366942212,180.3360041705787,idling_restriction
2.0,29.339819069884985,0.0,2.8,2.2,128.12800000000001,no_action
5.0,31.219404873736924,0.2,7.0,9.5,161.45800000000003,heavy_vehicle_ban
13.0,24.679676504979867,0.0,30.2,31.099999999999998,188.81800000000004,idling_restriction
1.0,38.9322187773391,0.0,1.4,1.1,125.81800000000003,no_action
1.0,27.84800295039393,0.0,1.4,1.1,125.81800000000003,no_action
4.0,38.91901865912978,0.25,5.6,8.4,163.64800000000002,heavy_vehicle_ban
2.0,37.491902388331205,0.0,2.8,2.2,128.12800000000001,no_action
3.0,54.80647521167346,0.3333333333333333,4.199999999999999,7.300000000000001,168.83800000000002,heavy_vehicle_ban
2.0,24.923976531111244,0.0,4.8,5.0,134.00800000000004,speed_harmonization
2.0,43.568831756718076,0.0,2.8,2.2,128.12800000000001,no_action
2.0,30.475069059151004,0.5,2.8,6.2,181.52800000000002,rerouting
1.0,11.981708667903366,0.0,27.840240930612595,21.13658266419327,167.8948235948059,no_action
2.0,48.66527791097143,0.0,2.8,2.2,128.12800000000001,no_action
3.0,68.82913708532328,0.0,4.199999999999999,3.3000000000000003,130.43800000000002,no_action
1.0,87.48081386562329,0.0,1.4,1.1,125.81800000000003,no_action
6.0,52.451787368089796,0.0,8.399999999999999,6.6000000000000005,137.36800000000002,rerouting
2.0,69.58653415564095,0.0,2.8,2.2,128.12800000000001,no_action
2.0,79.42660226680347,0.0,2.8,2.2,128.12800000000001,no_action
1.0,45.025076056023856,0.0,1.4,1.1,125.81800000000003,no_action
1.0,39.78969097528405,0.0,1.4,1.1,125.81800000000003,no_action
5.0,39.79170693154766,0.0,7.0,5.5,135.05800000000002,no_action
3.0,46.602804348253,0.0,4.199999999999999,3.3000000000000003,130.43800000000002,no_action
4.0,65.88948399546406,0.0,5.6,4.4,132.74800000000002,no_action
2.0,59.093359574535796,0.0,2.8,2.2,128.12800000000001,no_action
4.0,47.11011042047185,0.0,5.6,4.4,132.74800000000002,no_action
2.0,44.99986149580337,0.0,2.8,2.2,128.12800000000001,no_action
3.0,48.74657007827091,0.0,4.199999999999999,3.3000000000000003,130.43800000000002,no_action
1.0,0.0,0.0,56.2,47.9,224.098,no_action
1.0,42.798799076099016,0.0,1.4,1.1,125.81800000000003,no_action
1.0,87.2054854430132,0.0,1.4,1.1,125.81800000000003,no_action
1.0,89.01637860431181,0.0,1.4,1.1,125.81800000000003,no_action
8.0,55.60888361235233,0.125,11.2,12.8,161.63800000000003,heavy_vehicle_ban
1.0,74.28372971315918,0.0,1.4,1.1,125.81800000000003,no_action
3.0,25.22920466087666,0.3333333333333333,8.2,12.9,180.598,heavy_vehicle_ban
1.0,71.87077284647154,0.0,1.4,1.1,125.81800000000003,no_action
3.0,43.139091312363874,0.3333333333333333,4.199999999999999,7.300000000000001,168.83800000000002,heavy_vehicle_ban
16.0,14.526946246046444,0.0625,47.240718258697825,42.14610750790712,217.639825766605,speed_harmonization
5.0,0.14091286857161772,0.2,67.48999168914244,64.41817426285677,276.78616595199924,speed_harmonization
1.0,49.6779470293937,0.0,1.4,1.1,125.81800000000003,no_action
3.0,32.068415002924105,0.3333333333333333,4.199999999999999,7.300000000000001,168.83800000000002,heavy_vehicle_ban
1.0,37.64093759982617,0.0,1.4,1.1,125.81800000000003,no_action
2.0,33.505698540146824,0.5,2.8,6.2,181.52800000000002,heavy_vehicle_ban
4.0,34.9859898498632,0.25,5.6,8.4,163.64800000000002,heavy_vehicle_ban
1.0,79.92076463078679,0.0,1.4,1.1,125.81800000000003,no_action
2.0,44.824388522172114,0.0,2.8,2.2,128.12800000000001,no_action
5.0,7.966082602279003,0.2,50.274618274986196,48.767834795442,243.9204530704282,idling_restriction
2.0,61.44267900340941,0.0,2.8,2.2,128.12800000000001,no_action
1.0,41.01561219223973,0.0,1.4,1.1,125.81800000000003,no_action
1.0,49.5838380554362,0.0,1.4,1.1,125.81800000000003,no_action
1.0,49.99493781302687,0.0,1.4,1.1,125.81800000000003,no_action
2.0,37.38930882621157,0.0,2.8,2.2,128.12800000000001,no_action
1.0,41.216451119847015,0.0,1.4,1.1,125.81800000000003,no_action
1.0,19.33508737867489,0.0,11.662807766915247,6.429825242650223,137.01063300956548,no_action
9.0,30.501178269173,0.2222222222222222,16.6,23.5,192.85800000000003,idling_restriction
6.0,14.38098155097045,0.0,35.56184058786501,30.2380368980591,187.00787748592413,speed_harmonization
2.0,39.533522613276965,0.0,2.8,2.2,128.12800000000001,no_action
1.0,83.01918251766266,0.0,1.4,1.1,125.81800000000003,no_action
15.0,7.988178936887015,0.06666666666666667,74.22600633884858,73.72364212622597,284.32764846507456,rerouting
1.0,63.40578604670505,1.0,1.4,5.1,224.21800000000002,no_action
1.0,75.00595169231374,0.0,1.4,1.1,125.81800000000003,no_action
2.0,26.65662191831821,0.0,2.8,2.2,128.12800000000001,no_action
1.0,43.38842683865913,0.0,1.4,1.1,125.81800000000003,no_action
1.0,46.182994823987435,0.0,1.4,1.1,125.81800000000003,no_action
2.0,30.052137164439063,0.5,2.8,6.2,181.52800000000002,heavy_vehicle_ban
1.0,0.0,0.0,56.2,47.9,224.098,no_action
1.0,42.30116972281438,0.0,1.4,1.1,125.81800000000003,no_action
1.0,42.658440086326195,0.0,1.4,1.1,125.81800000000003,no_action
1.0,50.003809297593335,0.0,1.4,1.1,125.81800000000003,no_action
1.0,38.26145507858941,0.0,1.4,1.1,125.81800000000003,no_action
1.0,49.696707783645216,0.0,1.4,1.1,125.81800000000003,no_action
1.0,50.003992637003805,0.0,1.4,1.1,125.81800000000003,no_action
4.0,27.562038393107578,0.25,5.6,8.4,163.64800000000002,rerouting
1.0,50.00399998992602,0.0,1.4,1.1,125.81800000000003,no_action
1.0,53.22422833823295,0.0,1.4,1.1,125.81800000000003,no_action
1.0,29.98799968655647,1.0,1.4,5.1,224.21800000000002,no_action
1.0,25.707536014185255,0.0,1.4,1.1,125.81800000000003,no_action
3.0,0.08196522481999342,0.0,62.81967650539602,55.53606955036001,240.13374605575603,idling_restriction
1.0,74.38763722953031,0.0,1.4,1.1,125.81800000000003,no_action
1.0,64.96575322976844,1.0,1.4,5.1,224.21800000000002,no_action
1.0,31.58255225548133,0.0,1.4,1.1,125.81800000000003,no_action
1.0,39.91493099264634,0.0,1.4,1.1,125.81800000000003,no_action
2.0,24.36921775867487,0.0,2.8,2.2,128.12800000000001,no_action
1.0,74.38789792601231,0.0,1.4,1.1,125.81800000000003,no_action
2.0,60.76550845699908,0.0,2.8,2.2,128.12800000000001,no_action
1.0,49.66020586824898,0.0,1.4,1.1,125.81800000000003,no_action
1.0,0.0,0.0,56.2,47.9,224.098,no_action
1.0,39.20666610637899,0.0,1.4,1.1,125.81800000000003,no_action
1.0,0.0,0.0,56.2,47.9,224.098,no_action
1.0,14.368710782074228,0.0,22.5888362794367,16.362578435851546,157.86941471528826,no_action
1.0,24.880337833426566,0.0,1.4,1.1,125.81800000000003,no_action
1.0,74.54350483594305,0.0,1.4,1.1,125.81800000000003,no_action
3.0,19.6091409484278,0.0,13.85988991345884,8.0817181031444,140.47960801660327,no_action
2.0,0.0,0.0,59.6,51.8,232.288,speed_harmonization
2.0,2.9275269306279763,0.0,51.15944075261845,43.14494613874405,214.11238689136252,speed_harmonization
1.0,2.7485362354043037,0.0,48.15322028211054,39.6029275291914,206.67414781130196,no_action
3.0,27.46100489594638,0.0,4.199999999999999,3.3000000000000003,130.43800000000002,no_action
3.0,18.778104378861045,0.0,15.688170366505702,9.743791242277911,143.96996160878365,no_action
1.0,63.37303440562634,0.0,1.4,1.1,125.81800000000003,no_action
3.0,53.714641537296885,0.0,4.199999999999999,3.3000000000000003,130.43800000000002,no_action
1.0,29.957461738220758,1.0,1.4,5.1,224.21800000000002,no_action
1.0,39.9947496721602,0.0,1.4,1.1,125.81800000000003,no_action
4.0,12.632474285289774,0.0,30.608556572362495,23.13505142942045,172.09160800178296,speed_harmonization
3.0,33.283588086314175,0.0,4.199999999999999,3.3000000000000003,130.43800000000002,no_action
3.0,36.83591476192645,0.0,4.199999999999999,3.3000000000000003,130.43800000000002,no_action
7.0,16.6538058507791,0.0,25.961627128285976,18.3923882984418,162.1320154267278,speed_harmonization
9.0,7.681520998113178,0.0,60.500653804151014,55.33695800377364,239.7156118079247,idling_restriction
1.0,43.11834999538772,0.0,1.4,1.1,125.81800000000003,no_action
1.0,49.85945910474828,0.0,1.4,1.1,125.81800000000003,no_action
1.0,3.392985432201241,0.0,46.735432049157275,38.31402913559752,203.96746118475482,no_action
1.0,74.9954198019047,0.0,1.4,1.1,125.81800000000003,no_action
4.0,50.951852539820905,0.25,5.6,8.4,163.64800000000002,heavy_vehicle_ban
1.0,42.66204827286198,0.0,1.4,1.1,125.81800000000003,no_action
1.0,35.99804268078983,0.0,1.4,1.1,125.81800000000003,no_action
2.0,56.439757714947,0.0,2.8,2.2,128.12800000000001,no_action
1.0,41.619245888293854,0.0,1.4,1.1,125.81800000000003,no_action
1.0,0.0,0.0,56.2,47.9,224.098,no_action
1.0,48.5344024460665,0.0,1.4,1.1,125.81800000000003,no_action
1.0,28.095184950012648,0.0,1.4,1.1,125.81800000000003,no_action
2.0,49.60128367887869,0.0,2.8,2.2,128.12800000000001,no_action
4.0,44.94096064396418,0.0,5.6,4.4,132.74800000000002,no_action
1.0,49.77534960477438,0.0,1.4,1.1,125.81800000000003,no_action
1.0,5.206400125428669,0.0,42.74591972405693,34.687199749142664,196.35111947319962,no_action
1.0,39.56115580986911,0.0,1.4,1.1,125.81800000000003,no_action
4.0,0.0007358272163294419,0.25,66.39838118012409,63.598528345567345,279.56490952569146,idling_restriction
5.0,47.018862166277316,0.0,7.0,5.5,135.05800000000002,no_action
8.0,7.0148762054343425,0.0,60.567272348044455,55.57024758913131,240.20551993717578,idling_restriction
1.0,47.42216500237154,0.0,1.4,1.1,125.81800000000003,no_action
2.0,45.72488764562912,0.0,2.8,2.2,128.12800000000001,no_action
16.0,14.39284886103122,0.0,61.53573250573132,58.01430227793756,245.3380347836689,speed_harmonization
1.0,31.459536737697587,0.0,1.4,1.1,125.81800000000003,no_action
4.0,43.17358880260716,0.0,5.6,4.4,132.74800000000002,no_action
1.0,36.57453076683155,0.0,1.4,1.1,125.81800000000003,no_action
2.0,59.496474665014574,0.0,2.8,2.2,128.12800000000001,no_action
4.0,51.044966320399496,0.25,5.6,8.4,163.64800000000002,no_action
2.0,24.627434657490102,0.0,4.8,5.0,134.00800000000004,no_action
3.0,43.64322164746738,0.0,4.199999999999999,3.3000000000000003,130.43800000000002,no_action
3.0,42.66237623744899,0.0,4.199999999999999,3.3000000000000003,130.43800000000002,no_action
1.0,27.998066593302738,1.0,1.4,5.1,224.21800000000002,no_action
3.0,24.928319091205733,0.0,6.199999999999999,6.1,136.318,idling_restriction
1.0,17.40528672587129,1.0,15.908369203083167,14.289426548257422,243.51579575134062,no_action
1.0,45.41930559189301,0.0,1.4,1.1,125.81800000000003,no_action
1.0,17.94653317620731,0.0,14.717627012343918,9.206933647585378,142.84256065992932,no_action
1.0,49.91702481142777,0.0,1.4,1.1,125.81800000000003,no_action
2.0,77.27635282676358,0.0,2.8,2.2,128.12800000000001,no_action
7.0,52.023002763114405,0.0,9.799999999999999,7.700000000000001,139.67800000000003,rerouting
1.0,87.41797563385418,0.0,1.4,1.1,125.81800000000003,no_action
3.0,54.158898216125316,0.0,4.199999999999999,3.3000000000000003,130.43800000000002,no_action
2.0,41.19589591119861,0.0,2.8,2.2,128.12800000000001,no_action
1.0,39.24521522006368,0.0,1.4,1.1,125.81800000000003,no_action
1.0,49.80274561530049,0.0,1.4,1.1,125.81800000000003,no_action
3.0,46.56060222417732,0.0,4.199999999999999,3.3000000000000003,130.43800000000002,no_action
1.0,87.3222286574743,0.0,1.4,1.1,125.81800000000003,no_action
2.0,59.30018487801266,0.0,2.8,2.2,128.12800000000001,no_action
4.0,33.28275527417187,0.0,5.6,4.4,132.74800000000002,no_action
1.0,64.99799998445518,0.0,1.4,1.1,125.81800000000003,no_action
1.0,63.50294750959159,0.0,1.4,1.1,125.81800000000003,no_action
1.0,48.0091760330205,0.0,1.4,1.1,125.81800000000003,no_action
3.0,31.59464871503091,0.0,6.199999999999999,6.1,136.318,no_action
1.0,39.858705609271446,0.0,1.4,1.1,125.81800000000003,no_action
12.0,49.560341083819445,0.0,16.799999999999997,13.200000000000001,151.22800000000004,rerouting
1.0,38.49178150490276,0.0,1.4,1.1,125.81800000000003,no_action
3.0,29.552804306307888,0.3333333333333333,4.199999999999999,7.300000000000001,168.83800000000002,rerouting
1.0,74.05679687155617,0.0,1.4,1.1,125.81800000000003,no_action
8.0,40.820324648477985,0.125,11.2,12.8,161.63800000000003,rerouting
16.0,10.887168354568445,0.0625,67.24822961994943,66.22566329086311,268.20689291081254,speed_harmonization
6.0,0.0009981046776055518,0.16666666666666666,73.19780416970927,71.3980037906448,288.4438079603541,idling_restriction
1.0,45.98817983934462,0.0,1.4,1.1,125.81800000000003,no_action
1.0,50.00399868530267,0.0,1.4,1.1,125.81800000000003,no_action
1.0,39.99599999876579,0.0,1.4,1.1,125.81800000000003,no_action
3.0,30.0899993574825,0.3333333333333333,4.199999999999999,7.300000000000001,168.83800000000002,rerouting
7.0,32.72441343906347,0.2857142857142857,9.799999999999999,15.700000000000001,182.19228571428576,heavy_vehicle_ban
1.0,69.4672795141077,0.0,1.4,1.1,125.81800000000003,no_action
1.0,58.517971200000005,0.0,1.4,1.1,125.81800000000003,no_action
1.0,79.83593543121273,0.0,1.4,1.1,125.81800000000003,no_action
7.0,24.94427225584038,0.14285714285714285,15.799999999999999,20.1,178.57514285714288,speed_harmonization
4.0,48.39232642882053,0.0,5.6,4.4,132.74800000000002,no_action
1.0,50.00399830062079,0.0,1.4,1.1,125.81800000000003,no_action
1.0,49.97973737930044,0.0,1.4,1.1,125.81800000000003,no_action
1.0,49.01591976505319,0.0,1.4,1.1,125.81800000000003,no_action
2.0,43.46792465794155,0.0,2.8,2.2,128.12800000000001,no_action
1.0,50.28402235593588,0.0,1.4,1.1,125.81800000000003,no_action
8.0,45.198957911243035,0.125,11.2,12.8,161.63800000000003,rerouting
5.0,6.633557335250746,0.2,51.20617386244836,48.63288532949851,243.6370591919469,speed_harmonization
1.0,83.27833484110148,0.0,1.4,1.1,125.81800000000003,no_action
11.0,18.06538244649109,0.09090909090909091,30.456158617719602,26.769235107017824,187.90521190655565,heavy_vehicle_ban
1.0,66.41208332167464,0.0,1.4,1.1,125.81800000000003,no_action
2.0,58.297180020996876,0.0,2.8,2.2,128.12800000000001,no_action
4.0,26.066349598550904,0.25,11.6,16.799999999999997,181.288,heavy_vehicle_ban
1.0,75.00599812257069,0.0,1.4,1.1,125.81800000000003,no_action
1.0,39.90959342270006,0.0,1.4,1.1,125.81800000000003,no_action
1.0,35.35271831118574,0.0,1.4,1.1,125.81800000000003,no_action
1.0,0.0,0.0,56.2,47.9,224.098,no_action
2.0,37.73286652868555,0.0,2.8,2.2,128.12800000000001,no_action
1.0,39.526937477162186,0.0,1.4,1.1,125.81800000000003,no_action
1.0,44.99812959948462,0.0,1.4,1.1,125.81800000000003,no_action
1.0,42.17411541126685,0.0,1.4,1.1,125.81800000000003,no_action
1.0,31.636349482353953,0.0,1.4,1.1,125.81800000000003,no_action
1.0,50.003999997588124,0.0,1.4,1.1,125.81800000000003,no_action
1.0,53.224257597088865,0.0,1.4,1.1,125.81800000000003,no_action
1.0,51.24693798195377,0.0,1.4,1.1,125.81800000000003,no_action
1.0,8.629439886791529,1.0,35.21523224905864,31.841120226416944,280.3743524754756,no_action
2.0,39.0739649737277,0.5,2.8,6.2,181.52800000000002,no_action
2.0,58.244172334613495,0.5,2.8,6.2,181.52800000000002,heavy_vehicle_ban
1.0,36.04693032631793,0.0,1.4,1.1,125.81800000000003,no_action
1.0,49.881265473374626,0.0,1.4,1.1,125.81800000000003,no_action
1.0,8.627616126742739,1.0,35.219244521165976,31.844767746514524,280.3820122676805,no_action
1.0,45.53192207922113,0.0,1.4,1.1,125.81800000000003,no_action
1.0,45.18055829895057,0.0,1.4,1.1,125.81800000000003,no_action
2.0,47.08020780639748,0.0,2.8,2.2,128.12800000000001,no_action
1.0,39.987584649008014,0.0,1.4,1.1,125.81800000000003,no_action
1.0,38.89089227940876,0.0,1.4,1.1,125.81800000000003,no_action
2.0,52.979266969282484,0.0,2.8,2.2,128.12800000000001,no_action
1.0,64.7678784978844,1.0,1.4,5.1,224.21800000000002,no_action
2.0,40.535616870012596,0.0,2.8,2.2,128.12800000000001,no_action
1.0,0.0,0.0,56.2,47.9,224.098,no_action
1.0,43.39641792488039,0.0,1.4,1.1,125.81800000000003,no_action
2.0,38.92594699015979,0.0,2.8,2.2,128.12800000000001,no_action
1.0,4.308230043921928,1.0,44.721893903371765,40.48353991215615,298.52343381552794,no_action
1.0,55.27991179879471,0.0,1.4,1.1,125.81800000000003,no_action
1.0,48.51713654234519,0.0,1.4,1.1,125.81800000000003,no_action
2.0,27.10143922553559,0.5,2.8,6.2,181.52800000000002,heavy_vehicle_ban
2.0,20.35341499305493,0.0,12.822487015279155,8.29317001389014,140.9236570291693,idling_restriction
3.0,0.09755111262415316,0.0,62.785387552226865,55.5048977747517,240.06828532697858,idling_restriction
1.0,49.94743218554669,0.0,1.4,1.1,125.81800000000003,no_action
6.0,7.969955793072869,0.0,51.666097255239684,45.86008841385426,219.81418566909397,speed_harmonization
1.0,49.58430231699024,0.0,1.4,1.1,125.81800000000003,no_action
1.0,5.6957345767752825,0.0,41.66938393109438,33.708530846449435,194.29591477754383,no_action
4.0,44.943442888442384,0.0,5.6,4.4,132.74800000000002,no_action
1.0,49.915519031195686,0.0,1.4,1.1,125.81800000000003,no_action
1.0,6.7262239815185545,0.0,39.402307240659184,31.647552036962892,189.9678592776221,no_action
1.0,48.56799006830355,0.0,1.4,1.1,125.81800000000003,no_action
1.0,29.89802582805001,1.0,1.4,5.1,224.21800000000002,no_action
1.0,26.81783882049587,0.0,1.4,1.1,125.81800000000003,no_action
7.0,8.387908558274914,0.0,50.14660117179519,43.32418288345018,214.4887840552454,rerouting
6.0,13.79395256955959,0.0,30.853304346968905,23.012094860880822,171.83339920784977,no_action
12.0,10.447657482143734,0.0,46.61515353928378,36.30468503571253,199.74783857499634,rerouting
1.0,44.500061129765186,0.0,1.4,1.1,125.81800000000003,no_action
2.0,44.66074861969825,0.0,2.8,2.2,128.12800000000001,no_action
1.0,0.0,0.0,56.2,47.9,224.098,no_action
2.0,66.6297079545645,0.0,2.8,2.2,128.12800000000001,no_action
1.0,48.46155125861249,0.0,1.4,1.1,125.81800000000003,no_action
3.0,52.21160689225391,0.3333333333333333,4.199999999999999,7.300000000000001,168.83800000000002,heavy_vehicle_ban
1.0,64.87166128667346,0.0,1.4,1.1,125.81800000000003,no_action
3.0,33.62502619124259,0.0,4.199999999999999,3.3000000000000003,130.43800000000002,no_action
1.0,48.975081918619736,0.0,1.4,1.1,125.81800000000003,no_action
1.0,0.0,0.0,56.2,47.9,224.098,no_action
1.0,24.305424885512565,0.0,1.4,1.1,125.81800000000003,no_action
4.0,42.55602316512694,0.25,5.6,8.4,163.64800000000002,heavy_vehicle_ban
1.0,39.99555506451849,0.0,1.4,1.1,125.81800000000003,no_action
1.0,73.35547298800428,0.0,1.4,1.1,125.81800000000003,no_action
1.0,48.71107572018123,0.0,1.4,1.1,125.81800000000003,no_action
1.0,45.14809001341857,0.0,1.4,1.1,125.81800000000003,no_action
1.0,49.99656069125147,0.0,1.4,1.1,125.81800000000003,no_action
1.0,16.521231669508733,0.0,17.85329032708079,12.057536660982533,148.82882698806335,no_action
1.0,24.081437352375218,1.0,1.4,5.1,224.21800000000002,no_action
6.0,38.64872223143838,0.0,8.399999999999999,6.6000000000000005,137.36800000000002,no_action
8.0,0.005750795617021531,0.0,79.98734824964255,75.18849840876595,281.40384665840855,idling_restriction
1.0,43.232579535746744,0.0,1.4,1.1,125.81800000000003,no_action
2.0,48.56197417830042,0.0,2.8,2.2,128.12800000000001,no_action
13.0,15.947929029533071,0.0,41.91455613502724,34.80414194093386,196.59669807596111,idling_restriction
1.0,28.457866513139084,1.0,1.4,5.1,224.21800000000002,no_action
2.0,40.468331797362694,0.0,2.8,2.2,128.12800000000001,no_action
2.0,63.27185270288085,0.0,2.8,2.2,128.12800000000001,no_action
2.0,49.53137984459734,0.0,2.8,2.2,128.12800000000001,no_action
2.0,59.86327451284175,0.0,2.8,2.2,128.12800000000001,no_action
1.0,58.77278183483766,0.0,1.4,1.1,125.81800000000003,no_action
1.0,49.99495099742051,0.0,1.4,1.1,125.81800000000003,no_action
4.0,45.98482522320069,0.0,5.6,4.4,132.74800000000002,no_action
5.0,43.06905960620313,0.0,7.0,5.5,135.05800000000002,rerouting
2.0,25.61614666295544,0.0,2.8,2.2,128.12800000000001,no_action
2.0,8.71762302150355,0.0,36.42122935269219,28.764753956992898,183.9139833096851,no_action
1.0,21.950575058850447,0.0,5.908734870529017,1.1988498822991063,126.02558475282815,no_action
2.0,24.18920775225731,0.0,2.8,2.2,128.12800000000001,no_action
3.0,66.65747428009601,0.0,4.199999999999999,3.3000000000000003,130.43800000000002,no_action
1.0,84.99781216884385,0.0,1.4,1.1,125.81800000000003,no_action
7.0,49.16407008728845,0.0,9.799999999999999,7.700000000000001,139.67800000000003,rerouting
1.0,84.7184480848972,0.0,1.4,1.1,125.81800000000003,no_action
3.0,66.06428110408122,0.0,4.199999999999999,3.3000000000000003,130.43800000000002,no_action
1.0,86.06228165835213,0.0,1.4,1.1,125.81800000000003,no_action
1.0,87.04209597283132,0.0,1.4,1.1,125.81800000000003,no_action
1.0,49.85177337231528,0.0,1.4,1.1,125.81800000000003,no_action
2.0,49.996922716032635,0.0,2.8,2.2,128.12800000000001,no_action
2.0,82.48263279002474,0.0,2.8,2.2,128.12800000000001,no_action
1.0,87.12157767647115,0.0,1.4,1.1,125.81800000000003,no_action
4.0,53.889662845626525,0.0,5.6,4.4,132.74800000000002,no_action
2.0,56.5631602669706,0.0,2.8,2.2,128.12800000000001,no_action
2.0,59.58930442901051,0.0,2.8,2.2,128.12800000000001,no_action
4.0,2.951803829505279,0.0,55.90603157508839,48.09639234098944,224.51042391607785,speed_harmonization
1.0,85.00498527970925,0.0,1.4,1.1,125.81800000000003,no_action
5.0,53.74679133065961,0.2,7.0,9.5,161.45800000000003,no_action
7.0,61.956551349049214,0.0,9.799999999999999,7.700000000000001,139.67800000000003,speed_harmonization
2.0,54.347280626601716,0.5,2.8,6.2,181.52800000000002,no_action
1.0,55.54461738249737,0.0,1.4,1.1,125.81800000000003,no_action
1.0,72.34830246898132,0.0,1.4,1.1,125.81800000000003,no_action
10.0,35.79016032159971,0.2,14.0,19.0,181.40800000000002,heavy_vehicle_ban
17.0,11.760268945572887,0.058823529411764705,62.72740831973965,59.97946210885422,254.7589880756527,rerouting
1.0,37.24499798821454,0.0,1.4,1.1,125.81800000000003,no_action
6.0,0.660342289713748,0.0,69.74724696262976,63.27931542057251,256.3945623832023,speed_harmonization
1.0,50.003999997582945,0.0,1.4,1.1,125.81800000000003,no_action
3.0,29.988194743145655,0.3333333333333333,4.199999999999999,7.300000000000001,168.83800000000002,heavy_vehicle_ban
1.0,39.995997783882686,0.0,1.4,1.1,125.81800000000003,no_action
1.0,8.656706430299518,0.0,35.15524585334106,27.786587139400964,181.85983299274204,no_action
1.0,39.991537001732986,0.0,1.4,1.1,125.81800000000003,no_action
8.0,36.028699093216254,0.25,11.2,16.8,181.288,rerouting
1.0,39.996001679970355,0.0,1.4,1.1,125.81800000000003,no_action
1.0,74.47004470288311,0.0,1.4,1.1,125.81800000000003,no_action
1.0,50.004000000000005,0.0,3.4,3.9,131.69800000000004,no_action
8.0,9.770984885120082,0.125,50.50383325273582,48.458030229759835,236.51986348249568,idling_restriction
4.0,49.7597217718636,0.0,5.6,4.4,132.74800000000002,no_action
1.0,39.99599999876579,0.0,1.4,1.1,125.81800000000003,no_action
1.0,3.207188322338467,0.0,47.14418569085537,38.68562335532307,204.74780904617847,no_action
1.0,50.00399999758141,0.0,1.4,1.1,125.81800000000003,no_action
2.0,54.73924022970478,0.0,2.8,2.2,128.12800000000001,no_action
2.0,32.005006486597274,0.5,2.8,6.2,181.52800000000002,heavy_vehicle_ban
1.0,50.2840223975474,0.0,1.4,1.1,125.81800000000003,no_action
1.0,27.557721064321075,0.0,1.4,1.1,125.81800000000003,no_action
2.0,59.92209145231562,0.0,2.8,2.2,128.12800000000001,no_action
7.0,19.443348795595096,0.14285714285714285,21.82463264969079,19.61330240880981,177.55307791564348,heavy_vehicle_ban
4.0,28.828659767778948,0.0,5.6,4.4,132.74800000000002,no_action
8.0,21.977473680336125,0.0,15.649557903260526,8.84505263932775,142.0826105425883,rerouting
2.0,49.99807356431165,0.0,2.8,2.2,128.12800000000001,no_action
2.0,37.196013755301564,0.0,2.8,2.2,128.12800000000001,no_action
7.0,12.838797462146449,0.14285714285714285,44.354645583277815,44.022405075707105,228.8121935161278,idling_restriction
1.0,39.56730491617305,0.0,1.4,1.1,125.81800000000003,no_action
1.0,23.633242368011867,0.0,2.206866790373892,1.1,125.81800000000003,no_action
1.0,40.65802113307322,0.0,1.4,1.1,125.81800000000003,no_action
2.0,1.1073200524533098,0.0,55.16389588460272,46.78535989509338,221.75725577969612,speed_harmonization
1.0,5.68393366926744,0.0,41.69534592761163,33.73213266146512,194.34547858907678,no_action
2.0,31.495557504205593,0.0,2.8,2.2,128.12800000000001,no_action
1.0,1.885585837860574,0.0,50.05171115670674,41.32882832427885,210.29853948098562,no_action
1.0,48.907176798021865,0.0,1.4,1.1,125.81800000000003,no_action
1.0,42.17837399731949,0.0,1.4,1.1,125.81800000000003,no_action
1.0,48.61907646232355,0.0,1.4,1.1,125.81800000000003,no_action
1.0,43.63334377346358,0.0,1.4,1.1,125.81800000000003,no_action
1.0,33.52545329841343,0.0,1.4,1.1,125.81800000000003,no_action
1.0,50.003999997588146,0.0,1.4,1.1,125.81800000000003,no_action
1.0,44.84439311458202,0.0,1.4,1.1,125.81800000000003,no_action
1.0,6.92536192783947,0.0,38.96420375875317,31.249276144321062,189.13147990307425,no_action
2.0,27.236592070307697,0.5,2.8,6.2,181.52800000000002,heavy_vehicle_ban
2.0,39.38444713186116,0.5,2.8,6.2,181.52800000000002,heavy_vehicle_ban
1.0,74.74298965594555,0.0,1.4,1.1,125.81800000000003,no_action
2.0,29.76039284025035,0.0,2.8,2.2,128.12800000000001,no_action
1.0,50.00399950731575,0.0,1.4,1.1,125.81800000000003,no_action
1.0,21.71498782420319,1.0,6.427026786752979,5.670024351593616,225.41505113834663,no_action
1.0,43.95515481829953,0.0,1.4,1.1,125.81800000000003,no_action
1.0,39.98369687555157,0.0,1.4,1.1,125.81800000000003,no_action
1.0,64.65258693082366,1.0,1.4,5.1,224.21800000000002,no_action
1.0,63.894454730923606,0.0,1.4,1.1,125.81800000000003,no_action
1.0,72.39736450288441,0.0,1.4,1.1,125.81800000000003,no_action
1.0,59.29123594939201,0.0,1.4,1.1,125.81800000000003,no_action
1.0,39.88237810304361,0.0,1.4,1.1,125.81800000000003,no_action
2.0,4.541075478587521,0.0,47.60963394710745,39.917849042824955,207.33548298993242,idling_restriction
1.0,34.387556647886655,0.0,1.4,1.1,125.81800000000003,no_action
1.0,4.262361258640796,1.0,44.822805230990255,40.57527748271841,298.7160827137087,no_action
2.0,45.14874382301887,0.0,2.8,2.2,128.12800000000001,no_action
1.0,49.34417270525482,0.0,1.4,1.1,125.81800000000003,no_action
1.0,23.424489702909337,0.0,2.6661226535994578,1.1,125.81800000000003,no_action
2.0,33.952812634477034,0.5,2.8,6.2,181.52800000000002,heavy_vehicle_ban
1.0,9.50944370333011,1.0,33.27922385267376,30.081112593339782,276.67833644601353,no_action
1.0,48.44661765788953,0.0,1.4,1.1,125.81800000000003,no_action
2.0,48.59273046897222,0.0,2.8,2.2,128.12800000000001,no_action
1.0,9.722082075659191,0.0,32.81141943354978,25.65583584868162,177.3852552822314,no_action
2.0,49.86323630592222,0.0,2.8,2.2,128.12800000000001,no_action
6.0,0.00628243289837145,0.0,73.18617864762359,67.38743513420326,265.0216137818269,speed_harmonization
1.0,20.18985590358995,0.0,9.782317012102109,4.720288192820098,133.42060520492223,no_action
1.0,49.76018988022043,0.0,1.4,1.1,125.81800000000003,no_action
3.0,45.337677660294766,0.0,4.199999999999999,3.3000000000000003,130.43800000000002,no_action
1.0,49.735753193219665,0.0,1.4,1.1,125.81800000000003,no_action
1.0,47.180920475137675,0.0,1.4,1.1,125.81800000000003,no_action
2.0,35.79803045709376,0.5,2.8,6.2,181.52800000000002,heavy_vehicle_ban
3.0,23.584092581371266,0.3333333333333333,5.114996320983215,7.300000000000001,168.83800000000002,no_action
2.0,27.920712565202347,0.5,2.8,6.2,181.52800000000002,heavy_vehicle_ban
1.0,64.99762080887757,1.0,1.4,5.1,224.21800000000002,no_action
8.0,3.6961906330392127,0.0,69.86838060731374,65.00761873392157,260.0239993412353,idling_restriction
4.0,12.996147318204283,0.0,29.80847589995058,22.407705363591433,170.56418126354203,speed_harmonization
11.0,11.897709682073648,0.0,42.02503869943797,32.3045806358527,191.3476193352907,speed_harmonization
3.0,40.41657778194412,0.0,4.199999999999999,3.3000000000000003,130.43800000000002,no_action
2.0,27.10355858654527,0.0,2.8,2.2,128.12800000000001,no_action
1.0,54.98985705414494,1.0,1.4,5.1,224.21800000000002,no_action
1.0,50.003606706168085,0.0,1.4,1.1,125.81800000000003,no_action
1.0,64.59032831182753,0.0,1.4,1.1,125.81800000000003,no_action
2.0,45.326829741165234,0.0,2.8,2.2,128.12800000000001,no_action
1.0,28.78162578127845,0.0,1.4,1.1,125.81800000000003,no_action
3.0,14.475644558518692,0.0,27.15358197125888,21.148710882962618,167.92029285422151,speed_harmonization
2.0,42.039242481868385,0.0,2.8,2.2,128.12800000000001,no_action
1.0,60.01160205610844,0.0,1.4,1.1,125.81800000000003,no_action
4.0,39.61274779243174,0.25,5.6,8.4,163.64800000000002,rerouting
1.0,79.95807192001992,0.0,1.4,1.1,125.81800000000003,no_action
2.0,44.812139738488554,0.0,2.8,2.2,128.12800000000001,no_action
3.0,29.539963456122592,0.0,4.199999999999999,3.3000000000000003,130.43800000000002,no_action
2.0,40.843019227472304,0.0,2.8,2.2,128.12800000000001,no_action
1.0,45.7315917557733,0.0,1.4,1.1,125.81800000000003,no_action
3.0,40.447286907848664,0.0,4.199999999999999,3.3000000000000003,130.43800000000002,no_action
7.0,10.289138083209417,0.0,47.96389621693928,42.32172383358116,212.38362005052045,idling_restriction
5.0,36.360383660416886,0.0,7.0,5.5,135.05800000000002,no_action
5.0,34.94728102513044,0.0,7.0,5.5,135.05800000000002,rerouting
11.0,14.491503215873244,0.0,36.318692925078864,27.116993568253513,180.4536864933324,rerouting
1.0,39.969514800000006,0.0,1.4,1.1,125.81800000000003,no_action
3.0,30.969764001711326,0.0,4.199999999999999,3.3000000000000003,130.43800000000002,no_action
1.0,49.09179147733941,0.0,1.4,1.1,125.81800000000003,no_action
1.0,48.645971414708555,0.0,1.4,1.1,125.81800000000003,no_action
1.0,74.33136841447454,0.0,1.4,1.1,125.81800000000003,no_action
1.0,74.99220556683353,0.0,1.4,1.1,125.81800000000003,no_action
1.0,59.90985430661728,0.0,1.4,1.1,125.81800000000003,no_action
4.0,43.84000829938159,0.0,5.6,4.4,132.74800000000002,no_action
4.0,42.5596430362417,0.0,5.6,4.4,132.74800000000002,no_action
2.0,25.048360338042478,0.0,2.8,2.2,128.12800000000001,no_action
1.0,41.47251490292937,0.0,1.4,1.1,125.81800000000003,no_action
1.0,44.24054299474303,0.0,1.4,1.1,125.81800000000003,no_action
1.0,29.292915599999667,0.0,1.4,1.1,125.81800000000003,no_action
1.0,35.47176784239758,0.0,1.4,1.1,125.81800000000003,no_action
2.0,74.81507922597947,0.0,2.8,2.2,128.12800000000001,no_action
1.0,87.4948408288799,0.0,1.4,1.1,125.81800000000003,no_action
7.0,46.09741355856624,0.0,9.799999999999999,7.700000000000001,139.67800000000003,no_action
1.0,87.11525398183255,0.0,1.4,1.1,125.81800000000003,no_action
4.0,62.26998804049603,0.0,5.6,4.4,132.74800000000002,no_action
2.0,35.206465334423854,0.0,2.8,2.2,128.12800000000001,no_action
1.0,20.399198400000003,0.0,9.321763519999994,4.3016031999999935,132.54136672,no_action
1.0,28.4785308,0.0,1.4,1.1,125.81800000000003,no_action
1.0,37.90161801630417,0.0,1.4,1.1,125.81800000000003,no_action
1.0,9.358900369751504,0.0,33.61041918654669,26.382199260496993,178.9106184470437,no_action
3.0,42.4594458581504,0.0,4.199999999999999,3.3000000000000003,130.43800000000002,no_action
1.0,50.00399969373049,0.0,1.4,1.1,125.81800000000003,no_action
4.0,62.39880871502546,0.0,5.6,4.4,132.74800000000002,no_action
1.0,87.08345265182642,0.0,1.4,1.1,125.81800000000003,no_action
5.0,50.595549664204846,0.0,7.0,5.5,135.05800000000002,rerouting
4.0,53.46174709942417,0.0,5.6,4.4,132.74800000000002,no_action
1.0,64.99799915140761,0.0,1.4,1.1,125.81800000000003,no_action
1.0,64.9978475626663,0.0,1.4,1.1,125.81800000000003,no_action
4.0,10.110164318415686,0.0,40.15763849948549,33.77967136316863,194.44530986265414,speed_harmonization
1.0,39.938994404790236,0.0,1.4,1.1,125.81800000000003,no_action
4.0,56.32410618401271,0.25,5.6,8.4,163.64800000000002,heavy_vehicle_ban
6.0,54.01016647759834,0.0,8.399999999999999,6.6000000000000005,137.36800000000002,rerouting
6.0,62.35447641268764,0.0,8.399999999999999,6.6000000000000005,137.36800000000002,no_action
1.0,64.92114968499443,1.0,1.4,5.1,224.21800000000002,no_action
1.0,69.01766480858898,0.0,1.4,1.1,125.81800000000003,no_action
7.0,44.49278467216771,0.14285714285714285,9.799999999999999,11.700000000000001,160.9351428571429,heavy_vehicle_ban
22.0,16.50739892429767,0.045454545454545456,55.28372236654512,50.38520215140466,233.4078336088589,rerouting
1.0,0.0,0.0,56.2,47.9,224.098,no_action
1.0,10.301491079765642,0.0,31.53671962451559,24.497017840468718,174.95173746498432,no_action
1.0,48.15798974410831,0.0,1.4,1.1,125.81800000000003,no_action
1.0,40.61899383937342,0.0,1.4,1.1,125.81800000000003,no_action
3.0,3.0825775164230094,0.0,52.21832946386938,43.934844967153985,215.77117443102338,speed_harmonization
1.0,33.45542435318927,0.0,1.4,1.1,125.81800000000003,no_action
2.0,47.37220863051308,0.0,2.8,2.2,128.12800000000001,no_action
11.0,33.53016385168235,0.18181818181818182,15.399999999999999,20.1,182.0816363636364,rerouting
2.0,49.69389500047108,0.0,2.8,2.2,128.12800000000001,no_action
2.0,10.20908042684632,0.0,35.1400230609381,28.58183914630736,183.5298622072455,speed_harmonization
1.0,74.9668782949154,0.0,1.4,1.1,125.81800000000003,no_action
5.0,18.21131281885969,0.0,25.735111798508683,21.47737436228062,168.61048616078932,idling_restriction
4.0,45.36401626213336,0.0,5.6,4.4,132.74800000000002,no_action
2.0,0.041286719050353,0.0,59.50916921808922,51.71742656189929,232.11459577998852,speed_harmonization
1.0,50.003999997588146,0.0,1.4,1.1,125.81800000000003,no_action
1.0,39.9950442694009,0.0,1.4,1.1,125.81800000000003,no_action
2.0,54.98441850840038,0.0,2.8,2.2,128.12800000000001,no_action
6.0,29.998603508355682,0.3333333333333333,8.399999999999999,14.600000000000001,184.16800000000003,heavy_vehicle_ban
1.0,74.00264503941168,0.0,1.4,1.1,125.81800000000003,no_action
1.0,55.3690858529501,1.0,1.4,5.1,224.21800000000002,no_action
1.0,0.004308040295683217,1.0,56.1905223113495,51.89138391940863,322.47990623075816,no_action
1.0,83.1166367348514,0.0,1.4,1.1,125.81800000000003,no_action
8.0,18.39097859360745,0.125,33.53984709406361,34.0180428127851,206.19588990684872,heavy_vehicle_ban
1.0,74.95642878176393,0.0,1.4,1.1,125.81800000000003,no_action
3.0,15.326866772002631,0.0,27.280893101594213,22.246266455994736,170.22515955758897,rerouting
6.0,10.432882607477982,0.0,38.247658263548445,29.734234785044038,185.94989304859251,speed_harmonization
1.0,6.095032123366718,0.0,40.79092932859322,32.909935753266566,192.61886508185984,no_action
1.0,30.430719231791965,0.0,1.4,1.1,125.81800000000003,no_action
1.0,39.02009878051784,0.0,1.4,1.1,125.81800000000003,no_action
1.0,40.758260398670615,0.0,1.4,1.1,125.81800000000003,no_action
2.0,0.0,0.0,59.6,51.8,232.288,speed_harmonization
1.0,0.0,0.0,56.2,47.9,224.098,no_action
1.0,57.69521760633932,0.0,1.4,1.1,125.81800000000003,no_action
1.0,32.35787999996015,0.0,1.4,1.1,125.81800000000003,no_action
1.0,47.194178094414745,0.0,1.4,1.1,125.81800000000003,no_action
1.0,44.04538244887013,0.0,1.4,1.1,125.81800000000003,no_action
2.0,0.4246208743699869,0.0,56.665834076386034,48.15075825126003,224.6245923276461,idling_restriction
1.0,9.906995056133125,0.0,32.40461087650713,25.28600988773375,176.6086207642409,no_action
1.0,39.92647275880823,0.0,1.4,1.1,125.81800000000003,no_action
1.0,45.68365347607806,0.0,1.4,1.1,125.81800000000003,no_action
1.0,33.20244497966661,0.0,1.4,1.1,125.81800000000003,no_action
1.0,35.262247454787676,0.0,1.4,1.1,125.81800000000003,no_action
1.0,41.31747486083047,0.0,1.4,1.1,125.81800000000003,no_action
2.0,18.158964337877173,1.0,15.650278456670222,17.882071324245654,251.06034978091589,rerouting
1.0,74.68451301330329,0.0,1.4,1.1,125.81800000000003,no_action
3.0,10.657542186848696,0.0,33.553407188932866,25.98491562630261,178.0763228152355,speed_harmonization
1.0,36.991330172151955,0.0,1.4,1.1,125.81800000000003,no_action
1.0,45.87217493950692,0.0,1.4,1.1,125.81800000000003,no_action
2.0,46.97471545462952,0.0,2.8,2.2,128.12800000000001,no_action
1.0,39.97633179126466,0.0,1.4,1.1,125.81800000000003,no_action
1.0,64.942930919432,1.0,1.4,5.1,224.21800000000002,no_action
1.0,73.22561541332533,0.0,1.4,1.1,125.81800000000003,no_action
2.0,33.32847271417751,0.5,2.8,6.2,181.52800000000002,heavy_vehicle_ban
3.0,0.5367041771098056,0.0,59.81925081035844,51.82659164578039,232.34384245613884,idling_restriction
1.0,30.01298399998565,0.0,1.4,1.1,125.81800000000003,no_action
1.0,25.190870270432587,0.0,1.4,1.1,125.81800000000003,no_action
1.0,11.681855121416474,0.0,28.49991873288376,21.736289757167054,169.15420849005085,no_action
1.0,0.0,0.0,56.2,47.9,224.098,no_action
2.0,42.116213662188294,0.0,2.8,2.2,128.12800000000001,no_action
1.0,49.75803173111783,0.0,1.4,1.1,125.81800000000003,no_action
1.0,69.82345526950976,0.0,1.4,1.1,125.81800000000003,no_action
2.0,6.362475683164,0.0,41.6025534970392,33.475048633672,193.80560213071124,heavy_vehicle_ban
3.0,0.8466115625704201,0.3333333333333333,59.137454562345084,55.20677687485916,269.44223143720427,idling_restriction
1.0,12.384258083975821,0.0,26.954632215253195,20.33148383204836,166.20411604730157,no_action
2.0,48.77415340229451,0.0,2.8,2.2,128.12800000000001,no_action
1.0,6.525086845786521,0.0,39.844808939269655,32.04982630842696,190.81263524769662,no_action
2.0,2.6267062521638422,0.0,49.82124624523955,40.94658749567232,209.4958337409119,idling_restriction
1.0,50.00379715422174,0.0,1.4,1.1,125.81800000000003,no_action
6.0,0.0,0.0,73.2,67.4,265.04800000000006,idling_restriction
1.0,0.0,0.0,56.2,47.9,224.098,no_action
1.0,6.818991164135906,0.0,39.19821943890101,31.46201767172819,189.57823711062923,no_action
1.0,49.91953068427597,0.0,1.4,1.1,125.81800000000003,no_action
1.0,49.105214735466134,0.0,1.4,1.1,125.81800000000003,no_action
2.0,46.91193743088738,0.0,2.8,2.2,128.12800000000001,no_action
1.0,22.085384445053535,0.0,5.612154220882223,1.1,125.81800000000003,no_action
1.0,38.39735775579584,0.0,1.4,1.1,125.81800000000003,no_action
3.0,32.4325709959672,0.3333333333333333,4.199999999999999,7.300000000000001,168.83800000000002,heavy_vehicle_ban
3.0,17.64104712600099,0.3333333333333333,18.189696322797822,16.017905747998018,187.14560207079586,heavy_vehicle_ban
14.0,6.8472839539427985,0.0,75.33597530132585,70.90543209211441,272.4094073934403,rerouting
1.0,9.355663106699541,0.0,33.61754116526101,26.38867378660092,178.92421495186196,no_action
10.0,13.491453990600313,0.0,37.118801220679316,28.017092018799374,182.34389323947872,rerouting
2.0,43.72157179673178,0.0,2.8,2.2,128.12800000000001,no_action
1.0,39.35181075743832,0.0,1.4,1.1,125.81800000000003,no_action
1.0,26.724349574932077,0.0,1.4,1.1,125.81800000000003,no_action
1.0,39.93564122463822,0.0,1.4,1.1,125.81800000000003,no_action
1.0,66.14561670247893,0.0,1.4,1.1,125.81800000000003,no_action
3.0,52.41833840904266,0.3333333333333333,4.199999999999999,7.300000000000001,168.83800000000002,heavy_vehicle_ban
1.0,64.86166470836392,0.0,1.4,1.1,125.81800000000003,no_action
1.0,0.0,0.0,56.2,47.9,224.098,no_action
1.0,37.93167089491433,0.0,1.4,1.1,125.81800000000003,no_action
2.0,19.304883148263105,0.0,13.129257073821169,7.59023370347379,139.44749077729497,no_action
2.0,1.0403970970482253,0.0,55.31112638649391,46.91920580590355,222.0383321923975,heavy_vehicle_ban
3.0,45.22484473421127,0.0,4.199999999999999,3.3000000000000003,130.43800000000002,no_action
4.0,32.457045633243396,0.25,5.6,8.4,163.64800000000002,heavy_vehicle_ban
1.0,79.85085497881118,0.0,1.4,1.1,125.81800000000003,no_action
2.0,47.8857879034406,0.0,2.8,2.2,128.12800000000001,no_action
1.0,9.358334526439089,0.0,33.611664041834004,26.383330947121824,178.91299498895586,no_action
1.0,7.067681939426905,0.0,38.651099733260814,30.964636121146192,188.53373585440704,no_action
2.0,40.01308194241153,0.0,2.8,2.2,128.12800000000001,no_action
2.0,49.931116337434474,0.0,2.8,2.2,128.12800000000001,no_action
1.0,21.558202357013307,0.0,6.771954814570725,1.9835952859733852,127.67355010054413,no_action
4.0,29.823196496718356,0.25,7.6,11.2,169.52800000000002,heavy_vehicle_ban
7.0,15.529533988347557,0.0,36.43502522563537,31.840932023304884,190.3739572489403,speed_harmonization
2.0,40.64249957929054,0.0,2.8,2.2,128.12800000000001,no_action
5.0,42.38529400816449,0.0,7.0,5.5,135.05800000000002,no_action
9.0,9.102103427258399,0.0,47.37537246003153,38.495793145483205,204.34916560551477,speed_harmonization
1.0,0.2593823657650818,0.0,55.629358795316826,47.38123526846984,223.0085940637867,no_action
1.0,43.89922116214011,0.0,1.4,1.1,125.81800000000003,no_action
1.0,45.785787190437645,0.0,1.4,1.1,125.81800000000003,no_action
1.0,29.5638567338236,1.0,1.4,5.1,224.21800000000002,no_action
2.0,42.59382759435622,0.0,2.8,2.2,128.12800000000001,no_action
1.0,51.482765446736146,0.0,1.4,1.1,125.81800000000003,no_action
2.0,49.36402235628446,0.0,2.8,2.2,128.12800000000001,no_action
2.0,66.62716331336203,0.0,2.8,2.2,128.12800000000001,no_action
1.0,59.70085491320773,0.0,1.4,1.1,125.81800000000003,no_action
1.0,49.54281861685005,0.0,1.4,1.1,125.81800000000003,no_action
4.0,45.10306223153436,0.0,5.6,4.4,132.74800000000002,no_action
1.0,29.612750552619506,1.0,1.4,5.1,224.21800000000002,no_action
1.0,18.73172771993917,0.0,12.990199016133829,7.636544560121662,139.5447435762555,no_action
3.0,46.12273830623148,0.0,4.199999999999999,3.3000000000000003,130.43800000000002,no_action
3.0,69.1148930725242,0.0,4.199999999999999,3.3000000000000003,130.43800000000002,no_action
6.0,50.912289611747575,0.0,8.399999999999999,6.6000000000000005,137.36800000000002,rerouting
1.0,89.23404827536928,0.0,1.4,1.1,125.81800000000003,no_action
2.0,79.60296738591728,0.0,2.8,2.2,128.12800000000001,no_action
2.0,39.28025176585352,0.0,2.8,2.2,128.12800000000001,no_action
1.0,49.29402177426939,0.0,1.4,1.1,125.81800000000003,no_action
1.0,27.636389451111935,0.0,1.4,1.1,125.81800000000003,no_action
1.0,49.29108086336966,0.0,1.4,1.1,125.81800000000003,no_action
1.0,39.99599999876579,0.0,1.4,1.1,125.81800000000003,no_action
1.0,50.00399999758695,0.0,1.4,1.1,125.81800000000003,no_action
3.0,62.895354126036445,0.0,4.199999999999999,3.3000000000000003,130.43800000000002,no_action
1.0,63.873842042216346,0.0,1.4,1.1,125.81800000000003,no_action
3.0,49.919223154674064,0.0,4.199999999999999,3.3000000000000003,130.43800000000002,no_action
1.0,52.1571100597349,0.0,1.4,1.1,125.81800000000003,no_action
2.0,55.47578972515636,0.0,2.8,2.2,128.12800000000001,no_action
2.0,58.42728318749803,0.0,2.8,2.2,128.12800000000001,no_action
1.0,41.73422035723815,0.0,1.4,1.1,125.81800000000003,no_action
5.0,5.563660963134907,0.0,53.559945881103204,46.772678073730184,221.73062395483342,idling_restriction
5.0,35.868423794996566,0.2,9.0,12.3,167.33800000000002,idling_restriction
4.0,69.68672061665734,0.0,5.6,4.4,132.74800000000002,no_action
5.0,60.95560192124638,0.0,7.0,5.5,135.05800000000002,no_action
1.0,64.95193087250519,1.0,1.4,5.1,224.21800000000002,no_action
1.0,47.62333113376167,0.0,1.4,1.1,125.81800000000003,no_action
1.0,64.9513229808026,1.0,1.4,5.1,224.21800000000002,no_action
4.0,36.56975559820791,0.25,5.6,8.4,163.64800000000002,heavy_vehicle_ban
25.0,8.970522166517405,0.04,90.06485123366171,88.35895566696519,312.66180690062697,idling_restriction
1.0,35.492461372042946,0.0,1.4,1.1,125.81800000000003,no_action
1.0,43.76022860386738,0.0,1.4,1.1,125.81800000000003,no_action
1.0,28.267394271458983,0.0,1.4,1.1,125.81800000000003,no_action
5.0,7.678468709286223,0.0,48.90736883957032,42.54306258142755,212.84843142099788,idling_restriction
1.0,28.96247157250658,1.0,1.4,5.1,224.21800000000002,no_action
2.0,34.60899766830275,0.0,2.8,2.2,128.12800000000001,no_action
1.0,50.001557766873184,0.0,1.4,1.1,125.81800000000003,no_action
1.0,44.325412945901405,0.0,1.4,1.1,125.81800000000003,no_action
10.0,37.61894048771673,0.0,14.0,11.0,146.60800000000003,rerouting
1.0,79.62134689534099,0.0,1.4,1.1,125.81800000000003,no_action
4.0,0.14791495429407198,0.0,64.07458710055305,56.50417009141185,242.1667571919649,speed_harmonization
2.0,49.92882149603159,0.0,2.8,2.2,128.12800000000001,no_action
7.0,14.138149852830654,0.0,41.496070323772564,37.423700294338694,202.09777061811127,rerouting
3.0,49.7425917551459,0.0,4.199999999999999,3.3000000000000003,130.43800000000002,no_action
4.0,0.0506452724838484,0.0,66.28858040053554,59.498709455032305,248.45528985556786,idling_restriction
1.0,39.99599914495442,0.0,1.4,1.1,125.81800000000003,no_action
2.0,54.93935885287752,0.0,2.8,2.2,128.12800000000001,no_action
7.0,32.84940132383916,0.14285714285714285,9.799999999999999,11.700000000000001,160.9351428571429,heavy_vehicle_ban
2.0,29.945507202020533,0.5,2.8,6.2,181.52800000000002,heavy_vehicle_ban
1.0,67.29236276834989,0.0,1.4,1.1,125.81800000000003,no_action
1.0,6.722307029997695,0.0,39.410924534005076,31.655385940004614,189.9843104740097,no_action
14.0,12.568628339398282,0.07142857142857142,58.749017653323776,57.86274332120344,251.44833240309865,speed_harmonization
1.0,79.99990094890919,0.0,1.4,1.1,125.81800000000003,no_action
1.0,73.37841840361038,0.0,1.4,1.1,125.81800000000003,no_action
3.0,37.540644395484236,0.0,4.199999999999999,3.3000000000000003,130.43800000000002,no_action
1.0,41.00471647172165,0.0,1.4,1.1,125.81800000000003,no_action
2.0,0.0,0.0,59.6,51.8,232.288,speed_harmonization
2.0,0.12234828525326008,0.0,59.33083377244283,51.55530342949348,231.77413720193633,idling_restriction
1.0,49.263179585758884,0.0,1.4,1.1,125.81800000000003,no_action
1.0,54.852181986787414,0.0,1.4,1.1,125.81800000000003,no_action
5.0,38.842262843664095,0.2,7.0,9.5,161.45800000000003,no_action
1.0,18.243103349486123,0.0,14.06517263113053,8.613793301027753,141.5969659321583,no_action
1.0,48.812004472679334,0.0,1.4,1.1,125.81800000000003,no_action
1.0,39.01126087765617,0.0,1.4,1.1,125.81800000000003,no_action
2.0,46.85182318281863,0.0,2.8,2.2,128.12800000000001,no_action
3.0,41.44390940605961,0.0,4.199999999999999,3.3000000000000003,130.43800000000002,no_action
1.0,62.348331687262935,1.0,1.4,5.1,224.21800000000002,no_action
2.0,29.992691158796035,0.5,2.8,6.2,181.52800000000002,heavy_vehicle_ban
1.0,4.028262574084542,0.0,45.337822337014,37.043474851830915,201.29929718884495,no_action
1.0,19.056214973182186,0.0,12.276327058999192,6.987570053635627,138.18189711263483,no_action
1.0,3.9808930575862127,0.0,45.44203527331034,37.13821388482758,201.49824915813792,no_action
1.0,47.58553974435613,0.0,1.4,1.1,125.81800000000003,no_action
1.0,59.625387915232814,0.0,1.4,1.1,125.81800000000003,no_action
1.0,15.318621810215816,0.0,20.499032017525202,14.462756379568367,153.8797883970936,no_action
3.0,0.0,0.3333333333333333,63.0,59.7,278.87800000000004,idling_restriction
2.0,27.65511823919607,0.0,2.8,2.2,128.12800000000001,no_action
2.0,48.50646100384793,0.0,2.8,2.2,128.12800000000001,no_action
2.0,11.270512077071482,0.0,30.804873430442743,23.658975845857036,173.1918492762998,heavy_vehicle_ban
2.0,9.323463106309442,0.0,37.08838116611923,30.353073787381117,187.2494549535004,speed_harmonization
1.0,49.764890558864934,0.0,1.4,1.1,125.81800000000003,no_action
1.0,47.96874780244754,0.0,1.4,1.1,125.81800000000003,no_action
1.0,54.96790283658309,1.0,1.4,5.1,224.21800000000002,no_action
1.0,64.80442368677438,0.0,1.4,1.1,125.81800000000003,no_action
1.0,46.863586552585886,0.0,1.4,1.1,125.81800000000003,no_action
3.0,26.63438300027618,0.0,4.199999999999999,3.3000000000000003,130.43800000000002,no_action
6.0,0.016023802377869385,0.3333333333333333,73.16474763476869,75.36795239524426,311.78070003001295,heavy_vehicle_ban
11.0,13.905855763295092,0.0,37.6071173207508,28.288288473409818,182.91340579416064,speed_harmonization
5.0,42.87351178191589,0.0,7.0,5.5,135.05800000000002,no_action
1.0,45.429959816588,0.0,1.4,1.1,125.81800000000003,no_action
5.0,12.564268861810088,0.0,32.158608504017806,24.371462276379823,174.68807078039765,rerouting
2.0,42.41590560913196,0.0,2.8,2.2,128.12800000000001,no_action
2.0,26.449677701886127,0.0,2.8,2.2,128.12800000000001,no_action
1.0,0.0,0.0,56.2,47.9,224.098,no_action
2.0,43.916871987146976,0.0,2.8,2.2,128.12800000000001,no_action
1.0,69.8325211899407,0.0,1.4,1.1,125.81800000000003,no_action
3.0,49.56136558151238,0.0,4.199999999999999,3.3000000000000003,130.43800000000002,no_action
1.0,36.63845639986256,0.0,1.4,1.1,125.81800000000003,no_action
1.0,34.74741298697809,0.0,1.4,1.1,125.81800000000003,no_action
1.0,59.90628848338155,0.0,1.4,1.1,125.81800000000003,no_action
1.0,64.80222670278121,0.0,1.4,1.1,125.81800000000003,no_action
1.0,43.71066829015192,0.0,1.4,1.1,125.81800000000003,no_action
3.0,45.29448032695303,0.0,4.199999999999999,3.3000000000000003,130.43800000000002,no_action
4.0,41.92866057806252,0.0,5.6,4.4,132.74800000000002,no_action
5.0,37.91807835182757,0.2,7.0,9.5,161.45800000000003,heavy_vehicle_ban
2.0,68.47986781494623,0.0,2.8,2.2,128.12800000000001,no_action
3.0,31.613790497496154,0.0,4.199999999999999,3.3000000000000003,130.43800000000002,no_action
2.0,30.212464469288992,0.5,2.8,6.2,181.52800000000002,no_action
1.0,32.1851195465295,0.0,1.4,1.1,125.81800000000003,no_action
2.0,39.99627651225578,0.0,2.8,2.2,128.12800000000001,no_action
1.0,15.131770672735785,0.0,20.910104519981275,14.83645865452843,154.66456317450974,no_action
1.0,49.91396925184316,0.0,1.4,1.1,125.81800000000003,no_action
5.0,0.664659197349961,0.2,66.3377497658301,63.37068160530008,274.5864313711302,speed_harmonization
5.0,41.54415207840335,0.2,7.0,9.5,161.45800000000003,heavy_vehicle_ban
9.0,14.958710071956776,0.0,42.49083784169509,37.982579856086446,203.27141769778154,speed_harmonization
2.0,47.397667040526734,0.0,2.8,2.2,128.12800000000001,no_action
5.0,37.99326657224072,0.0,7.0,5.5,135.05800000000002,no_action
11.0,11.187917147765724,0.0,59.58658227491541,56.12416570446855,241.36874797938398,idling_restriction
4.0,38.51542782646178,0.0,5.6,4.4,132.74800000000002,no_action
1.0,36.887920192120276,0.0,1.4,1.1,125.81800000000003,no_action
2.0,32.22078414662402,0.0,2.8,2.2,128.12800000000001,no_action
2.0,49.347087623097934,0.0,2.8,2.2,128.12800000000001,no_action
2.0,66.66125893857925,0.0,2.8,2.2,128.12800000000001,no_action
1.0,55.83756472177456,0.0,1.4,1.1,125.81800000000003,no_action
3.0,50.54633706087384,0.0,4.199999999999999,3.3000000000000003,130.43800000000002,no_action
2.0,38.05636969140016,0.5,2.8,6.2,181.52800000000002,heavy_vehicle_ban
1.0,45.4167003620705,0.0,1.4,1.1,125.81800000000003,no_action
1.0,44.90154215125421,0.0,1.4,1.1,125.81800000000003,no_action
1.0,29.08293051707286,0.0,1.4,1.1,125.81800000000003,no_action
2.0,43.910132404664694,0.0,2.8,2.2,128.12800000000001,no_action
1.0,33.129511666856175,0.0,1.4,1.1,125.81800000000003,no_action
1.0,79.67120160593467,0.0,1.4,1.1,125.81800000000003,no_action
5.0,63.231023886865586,0.0,7.0,5.5,135.05800000000002,no_action
2.0,72.45064549462118,0.0,2.8,2.2,128.12800000000001,no_action
1.0,49.03847009443302,0.0,1.4,1.1,125.81800000000003,no_action
1.0,49.79528713930678,0.0,1.4,1.1,125.81800000000003,no_action
2.0,44.875988883745876,0.0,2.8,2.2,128.12800000000001,no_action
3.0,49.98631532105745,0.0,4.199999999999999,3.3000000000000003,130.43800000000002,no_action
4.0,66.82339928877008,0.0,5.6,4.4,132.74800000000002,no_action
2.0,55.17844630752034,0.0,2.8,2.2,128.12800000000001,no_action
6.0,44.975365514022776,0.0,8.399999999999999,6.6000000000000005,137.36800000000002,speed_harmonization
1.0,63.94102409866288,0.0,1.4,1.1,125.81800000000003,no_action
1.0,49.70039033484334,0.0,1.4,1.1,125.81800000000003,no_action
4.0,1.6075930544446873,0.0,58.86329528022169,50.78481389111062,230.15610917133233,speed_harmonization
1.0,51.00455706081675,0.0,1.4,1.1,125.81800000000003,no_action
6.0,32.7980407534498,0.16666666666666666,10.399999999999999,13.4,166.64800000000002,heavy_vehicle_ban
1.0,87.87299621520667,0.0,1.4,1.1,125.81800000000003,no_action
5.0,67.06381307931959,0.0,7.0,5.5,135.05800000000002,no_action
1.0,39.99322744770104,0.0,1.4,1.1,125.81800000000003,no_action
3.0,52.42355207124984,0.6666666666666666,4.199999999999999,11.3,207.23800000000003,heavy_vehicle_ban
27.0,4.965374748200665,0.037037037037037035,115.67617555395853,118.16925050359866,374.99675939089053,idling_restriction
1.0,44.93023366475628,0.0,1.4,1.1,125.81800000000003,no_action
5.0,6.6944792965444515,0.0,45.07214554760221,36.1110414069111,199.34118695451332,speed_harmonization
2.0,1.5419129473754332,0.5,52.20779151577405,47.11617410524914,267.4519656210232,heavy_vehicle_ban
2.0,47.61652562571206,0.0,2.8,2.2,128.12800000000001,no_action
2.0,42.60975466304204,0.0,2.8,2.2,128.12800000000001,no_action
8.0,41.190037099015406,0.125,11.2,12.8,161.63800000000003,heavy_vehicle_ban
1.0,38.15993639935889,0.0,1.4,1.1,125.81800000000003,no_action
2.0,33.336,0.0,6.8,7.8,139.88800000000003,idling_restriction
1.0,79.15681809917132,0.0,1.4,1.1,125.81800000000003,no_action
9.0,16.522255763212684,0.0,39.051037320932096,34.85548847357463,196.70452579450676,idling_restriction
2.0,65.86058569229499,0.0,2.8,2.2,128.12800000000001,no_action
1.0,39.995999998765775,0.0,1.4,1.1,125.81800000000003,no_action
2.0,39.98000772319162,0.0,2.8,2.2,128.12800000000001,no_action
1.0,59.92909102935723,0.0,1.4,1.1,125.81800000000003,no_action
8.0,35.87867981017274,0.0,11.2,8.8,141.98800000000003,speed_harmonization
7.0,37.719672957371664,0.2857142857142857,9.799999999999999,15.700000000000001,182.19228571428576,rerouting
1.0,64.75956329749657,1.0,1.4,5.1,224.21800000000002,no_action
1.0,78.53067329018454,0.0,1.4,1.1,125.81800000000003,no_action
13.0,11.397504723698178,0.07692307692307693,51.92548960786401,47.90499055260364,231.0315570835446,rerouting
1.0,72.61607226437708,0.0,1.4,1.1,125.81800000000003,no_action
1.0,80.00221045056131,0.0,1.4,1.1,125.81800000000003,no_action
3.0,42.58831869618013,0.3333333333333333,4.199999999999999,7.300000000000001,168.83800000000002,heavy_vehicle_ban
5.0,4.071409859174653,0.0,50.842898309815766,41.35718028165069,210.3580785914665,idling_restriction
2.0,44.76130961058916,0.0,2.8,2.2,128.12800000000001,no_action
1.0,39.78275391439601,0.0,1.4,1.1,125.81800000000003,no_action
1.0,20.32604041373373,1.0,9.482711089785797,8.447919172532542,231.24863026231836,no_action
2.0,0.0,0.0,59.6,51.8,232.288,speed_harmonization
3.0,0.0,0.3333333333333333,63.0,59.7,278.87800000000004,idling_restriction
1.0,28.67730171839229,0.0,1.4,1.1,125.81800000000003,no_action
3.0,25.22442513949743,0.0,4.199999999999999,3.3000000000000003,130.43800000000002,no_action
1.0,37.229627366006504,0.0,1.4,1.1,125.81800000000003,no_action
1.0,28.96936390130815,0.0,1.4,1.1,125.81800000000003,no_action
2.0,69.48387914621186,0.0,2.8,2.2,128.12800000000001,no_action
3.0,33.29106582804426,0.3333333333333333,4.199999999999999,7.300000000000001,168.83800000000002,heavy_vehicle_ban
1.0,28.78363048483011,0.0,1.4,1.1,125.81800000000003,no_action
1.0,49.76688570293429,0.0,1.4,1.1,125.81800000000003,no_action
1.0,50.1717065508283,0.0,1.4,1.1,125.81800000000003,no_action
4.0,47.11357951466836,0.0,5.6,4.4,132.74800000000002,no_action
2.0,29.872703907044386,0.5,2.8,6.2,181.52800000000002,heavy_vehicle_ban
1.0,0.0,0.0,56.2,47.9,224.098,no_action
1.0,50.00399953948917,0.0,1.4,1.1,125.81800000000003,no_action
1.0,39.37652149567076,0.0,1.4,1.1,125.81800000000003,no_action
2.0,35.12411523622376,0.0,2.8,2.2,128.12800000000001,no_action
1.0,40.02532249222156,0.0,1.4,1.1,125.81800000000003,no_action
1.0,38.02691597764873,0.0,1.4,1.1,125.81800000000003,no_action
1.0,49.81743850608906,0.0,1.4,1.1,125.81800000000003,no_action
1.0,74.94340594626932,0.0,1.4,1.1,125.81800000000003,no_action
2.0,37.540907858780166,0.0,2.8,2.2,128.12800000000001,no_action
6.0,0.9346304769909985,0.16666666666666666,67.1438129506198,63.930739046018005,272.76255199663785,idling_restriction
1.0,48.53971078195963,0.0,1.4,1.1,125.81800000000003,no_action
1.0,28.466030142863676,0.0,1.4,1.1,125.81800000000003,no_action
1.0,10.230761292276846,0.0,31.69232515699094,24.63847741544631,175.24880257243728,no_action
2.0,22.61966749861935,0.0,7.836731503037431,5.0,134.00800000000004,speed_harmonization
1.0,47.769335580570804,0.0,1.4,1.1,125.81800000000003,no_action
2.0,49.51446461741641,0.5,2.8,6.2,181.52800000000002,heavy_vehicle_ban
2.0,41.737387370614115,0.0,2.8,2.2,128.12800000000001,no_action
2.0,12.604811126528968,0.0,27.869415521636274,20.990377746942062,167.58779326857837,speed_harmonization
8.0,31.174348434018587,0.0,11.2,8.8,141.98800000000003,rerouting
6.0,38.046598620144685,0.0,8.399999999999999,6.6000000000000005,137.36800000000002,rerouting
4.0,25.534962863737622,0.0,5.6,4.4,132.74800000000002,no_action
4.0,30.805706838053908,0.25,5.6,8.4,163.64800000000002,heavy_vehicle_ban
2.0,41.86845302829378,0.0,2.8,2.2,128.12800000000001,no_action
3.0,29.811466309797364,0.0,6.199999999999999,6.1,136.318,speed_harmonization
2.0,4.587297447453324,0.0,47.50794561560269,39.82540510509335,207.14135072069607,idling_restriction
1.0,75.00597421528616,0.0,1.4,1.1,125.81800000000003,no_action
1.0,75.0057489858585,0.0,1.4,1.1,125.81800000000003,no_action
2.0,47.84270958691287,0.0,2.8,2.2,128.12800000000001,no_action
3.0,59.60034472420083,0.0,4.199999999999999,3.3000000000000003,130.43800000000002,no_action
1.0,59.99313070314887,0.0,1.4,1.1,125.81800000000003,no_action
1.0,46.549740712505375,0.0,1.4,1.1,125.81800000000003,no_action
2.0,27.2434612266381,0.0,2.8,2.2,128.12800000000001,no_action
1.0,58.665004278953724,0.0,1.4,1.1,125.81800000000003,no_action
2.0,43.49484929169262,0.0,2.8,2.2,128.12800000000001,no_action
2.0,39.82865729440931,0.0,2.8,2.2,128.12800000000001,no_action
5.0,49.129644937144775,0.0,7.0,5.5,135.05800000000002,no_action
1.0,29.98801553621775,0.0,1.4,1.1,125.81800000000003,no_action
1.0,74.9646199456548,0.0,1.4,1.1,125.81800000000003,no_action
3.0,26.089355514410062,0.0,6.199999999999999,6.1,136.318,speed_harmonization
1.0,16.646326879660307,0.0,17.578080864747324,11.807346240679385,148.30342710542672,no_action
1.0,29.987991057224598,1.0,1.4,5.1,224.21800000000002,no_action
2.0,44.9180028474328,0.0,2.8,2.2,128.12800000000001,no_action
2.0,53.081371475071734,0.0,2.8,2.2,128.12800000000001,no_action
1.0,49.99473051261556,0.0,1.4,1.1,125.81800000000003,no_action
5.0,0.0,0.2,69.80000000000001,67.5,283.25800000000004,heavy_vehicle_ban
8.0,40.98744004181359,0.125,11.2,12.8,161.63800000000003,heavy_vehicle_ban
9.0,9.79570050261944,0.0,55.84945889423724,51.10859899476112,230.83605788899837,idling_restriction
2.0,37.378020114955035,0.5,2.8,6.2,181.52800000000002,rerouting
3.0,43.609542515011334,0.0,4.199999999999999,3.3000000000000003,130.43800000000002,no_action
12.0,24.849869115903292,0.0,16.799999999999997,13.200000000000001,151.22800000000004,rerouting
1.0,36.19094210512407,0.0,1.4,1.1,125.81800000000003,no_action
2.0,35.1439391454886,0.5,2.8,6.2,181.52800000000002,heavy_vehicle_ban
3.0,34.758307480298384,0.0,4.199999999999999,3.3000000000000003,130.43800000000002,no_action
1.0,75.00599922946553,0.0,1.4,1.1,125.81800000000003,no_action
1.0,0.0,0.0,56.2,47.9,224.098,no_action
3.0,48.41076705635718,0.0,4.199999999999999,3.3000000000000003,130.43800000000002,no_action
4.0,39.591273127488236,0.25,5.6,8.4,163.64800000000002,heavy_vehicle_ban
1.0,21.061103957176204,0.0,7.8655712942123515,2.9777920856475917,129.76136337985997,no_action
1.0,10.075002065431374,0.0,32.03499545605098,24.949995869137254,175.90299132518825,no_action
1.0,32.17594176046446,0.0,1.4,1.1,125.81800000000003,no_action
2.0,47.94507217690414,0.0,2.8,2.2,128.12800000000001,no_action
1.0,23.8315176,0.0,1.7706612799999966,1.1,125.81800000000003,no_action
3.0,58.310623791425236,0.0,4.199999999999999,3.3000000000000003,130.43800000000002,no_action
1.0,84.99536877413664,0.0,1.4,1.1,125.81800000000003,no_action
6.0,55.868217796837165,0.0,8.399999999999999,6.6000000000000005,137.36800000000002,speed_harmonization
1.0,87.19288321818794,0.0,1.4,1.1,125.81800000000003,no_action
3.0,69.64250200331317,0.0,4.199999999999999,3.3000000000000003,130.43800000000002,no_action
1.0,3.8189682470258237,0.0,45.79826985654319,37.46206350594836,202.17833336249157,no_action
1.0,87.46827490815083,0.0,1.4,1.1,125.81800000000003,no_action
1.0,29.987999998809144,1.0,1.4,5.1,224.21800000000002,no_action
2.0,49.99867480001855,0.0,2.8,2.2,128.12800000000001,no_action
2.0,81.58445323611278,0.0,2.8,2.2,128.12800000000001,no_action
3.0,52.421139009472505,0.0,4.199999999999999,3.3000000000000003,130.43800000000002,no_action
6.0,48.17831423126604,0.0,8.399999999999999,6.6000000000000005,137.36800000000002,rerouting
2.0,59.61805140148265,0.0,2.8,2.2,128.12800000000001,no_action
1.0,64.9979901480049,0.0,1.4,1.1,125.81800000000003,no_action
5.0,12.63850906411801,0.0,33.99528005894038,27.02298187176398,180.2562619307044,speed_harmonization
1.0,57.71988996927359,0.0,1.4,1.1,125.81800000000003,no_action
2.0,60.00299999504415,0.5,4.8,9.0,187.40800000000002,heavy_vehicle_ban
2.0,75.72423446692127,0.0,2.8,2.2,128.12800000000001,no_action
5.0,69.79773457096515,0.0,7.0,5.5,135.05800000000002,no_action
1.0,70.6078584019614,0.0,1.4,1.1,125.81800000000003,no_action
3.0,56.693737201838346,0.3333333333333333,4.199999999999999,7.300000000000001,168.83800000000002,no_action
28.0,5.259541621553133,0.07142857142857142,116.4290084325831,122.68091675689374,387.56649661804835,idling_restriction
5.0,0.0026291971414494665,0.0,69.79421576628881,63.4947416057171,256.84695737200593,speed_harmonization
2.0,0.0,0.5,59.6,55.8,285.688,speed_harmonization
2.0,45.90534005541112,0.0,2.8,2.2,128.12800000000001,no_action
1.0,49.086913463674186,0.0,1.4,1.1,125.81800000000003,no_action
7.0,37.33842450011094,0.14285714285714285,9.799999999999999,11.700000000000001,160.9351428571429,heavy_vehicle_ban
1.0,8.820297879167827,0.0,34.79534466583078,27.45940424166435,181.17274890749516,no_action
3.0,49.760643235047816,0.0,4.199999999999999,3.3000000000000003,130.43800000000002,no_action
2.0,33.336,0.0,6.8,7.8,139.88800000000003,idling_restriction
10.0,13.697021281305574,0.0,50.66655318112774,47.20595743738885,222.6405106185166,idling_restriction
2.0,56.6442382261877,0.5,2.8,6.2,181.52800000000002,heavy_vehicle_ban
1.0,39.99599999876579,0.0,1.4,1.1,125.81800000000003,no_action
2.0,39.981270219661624,0.0,2.8,2.2,128.12800000000001,no_action
2.0,49.864262307380095,0.0,2.8,2.2,128.12800000000001,no_action
4.0,43.458185333709096,0.0,5.6,4.4,132.74800000000002,no_action
1.0,45.08855803282541,0.0,1.4,1.1,125.81800000000003,no_action
10.0,40.453403229517,0.2,14.0,19.0,181.40800000000002,rerouting
1.0,74.40052756568959,0.0,1.4,1.1,125.81800000000003,no_action
1.0,32.986472147205994,0.0,1.4,1.1,125.81800000000003,no_action
2.0,74.88425927531544,0.0,2.8,2.2,128.12800000000001,no_action
11.0,22.03012448292868,0.0,19.7337261375569,12.100000000000001,148.91800000000003,speed_harmonization
1.0,62.14198140990633,0.0,1.4,1.1,125.81800000000003,no_action
1.0,59.853707294771766,0.0,1.4,1.1,125.81800000000003,no_action
2.0,66.12520066157597,0.0,2.8,2.2,128.12800000000001,no_action
1.0,78.89536989198639,0.0,1.4,1.1,125.81800000000003,no_action
4.0,32.501056549488226,0.25,5.6,8.4,163.64800000000002,heavy_vehicle_ban
1.0,64.37910662699257,0.0,1.4,1.1,125.81800000000003,no_action
2.0,44.072599254298545,0.0,2.8,2.2,128.12800000000001,no_action
1.0,49.64664305533327,0.0,1.4,1.1,125.81800000000003,no_action
1.0,45.760870188586246,0.0,1.4,1.1,125.81800000000003,no_action
3.0,35.826112863685104,0.0,4.199999999999999,3.3000000000000003,130.43800000000002,no_action
1.0,21.7503500719174,0.0,6.349229841781723,1.5992998561652016,126.86652969794694,no_action
1.0,39.99599999876579,0.0,1.4,1.1,125.81800000000003,no_action
2.0,0.0,0.0,59.6,51.8,232.288,idling_restriction
5.0,1.5586195529925604,0.2,62.371036983416374,58.78276089401488,264.95179787743126,idling_restriction
1.0,47.50317843665659,0.0,1.4,1.1,125.81800000000003,no_action
1.0,47.26179019066513,0.0,1.4,1.1,125.81800000000003,no_action
1.0,38.52204314144858,0.0,1.4,1.1,125.81800000000003,no_action
2.0,38.48082095358687,0.0,2.8,2.2,128.12800000000001,no_action
1.0,25.77418559999929,0.0,1.4,1.1,125.81800000000003,no_action
2.0,30.119700319526498,0.0,2.8,2.2,128.12800000000001,no_action
1.0,49.97539050978603,0.0,1.4,1.1,125.81800000000003,no_action
3.0,15.762687222604988,0.0,24.322088110269025,18.574625554790025,162.51471366505908,speed_harmonization
3.0,39.54746249441437,0.3333333333333333,4.199999999999999,7.300000000000001,168.83800000000002,no_action
1.0,79.86162525258742,0.0,1.4,1.1,125.81800000000003,no_action
1.0,12.588557308584416,0.0,26.505173921114284,19.92288538283117,165.34605930394548,no_action
1.0,43.59277547108695,0.0,1.4,1.1,125.81800000000003,no_action
1.0,37.23451861418554,0.0,1.4,1.1,125.81800000000003,no_action
4.0,47.06364487025193,0.0,5.6,4.4,132.74800000000002,no_action
3.0,32.99473836622221,0.3333333333333333,4.199999999999999,7.300000000000001,168.83800000000002,heavy_vehicle_ban
1.0,0.0,0.0,56.2,47.9,224.098,no_action
1.0,25.1456948074813,0.0,1.4,1.1,125.81800000000003,no_action
4.0,41.16745676351397,0.0,5.6,4.4,132.74800000000002,no_action
1.0,49.141620936999615,0.0,1.4,1.1,125.81800000000003,no_action
1.0,74.75765993814338,0.0,1.4,1.1,125.81800000000003,no_action
7.0,0.0008265392170547497,0.14285714285714285,76.59818161372249,75.2983469215659,294.4916713924312,heavy_vehicle_ban
1.0,59.110142763795565,0.0,1.4,1.1,125.81800000000003,no_action
2.0,0.12591594332999712,0.0,59.32298492467401,51.548168113340004,231.75915303801403,speed_harmonization
1.0,30.243893315223257,0.0,1.4,1.1,125.81800000000003,no_action
1.0,3.9261243810575532,0.0,45.562526361673385,37.24775123788489,201.72827759955828,no_action
1.0,29.974012100477566,1.0,1.4,5.1,224.21800000000002,no_action
1.0,55.93199382826655,0.0,1.4,1.1,125.81800000000003,no_action
1.0,64.99765999109897,0.0,1.4,1.1,125.81800000000003,no_action
2.0,52.77786782323149,0.5,2.8,6.2,181.52800000000002,rerouting
1.0,38.96686978633105,0.0,1.4,1.1,125.81800000000003,no_action
1.0,23.293401382191586,0.0,2.9545169591785108,1.1,125.81800000000003,no_action
1.0,22.953030440448345,0.0,3.703333031013642,1.1,125.81800000000003,no_action
1.0,41.252521742679555,0.0,1.4,1.1,125.81800000000003,no_action
1.0,46.6600137922367,0.0,1.4,1.1,125.81800000000003,no_action
4.0,0.06723996033260579,0.0,66.25207208726826,59.46552007933479,248.3855921666031,idling_restriction
7.0,15.002171488390434,0.14285714285714285,31.595222725541042,28.49565702321913,196.20602260590306,heavy_vehicle_ban
2.0,40.76388842809661,0.0,2.8,2.2,128.12800000000001,no_action
6.0,15.470395815141298,0.0,27.165129206689144,19.659208369717405,164.79233757640657,no_action
5.0,28.212665941277432,0.0,7.0,5.5,135.05800000000002,rerouting
2.0,29.1591880703482,0.5,2.8,6.2,181.52800000000002,rerouting
3.0,21.615749201337923,0.0,11.445351757056567,6.868501597324153,137.93185335438073,speed_harmonization
3.0,0.008464243899931582,0.0,62.981378663420145,55.68307151220013,240.4424501756203,idling_restriction
1.0,69.98490771064776,0.0,1.4,1.1,125.81800000000003,no_action
1.0,47.805651760306446,0.0,1.4,1.1,125.81800000000003,no_action
2.0,63.31362019102312,0.0,2.8,2.2,128.12800000000001,no_action
1.0,61.668536036299685,0.0,1.4,1.1,125.81800000000003,no_action
5.0,48.75986169462188,0.0,7.0,5.5,135.05800000000002,no_action
2.0,56.205625893722704,0.0,2.8,2.2,128.12800000000001,no_action
1.0,39.996,0.0,3.4,3.9,131.69800000000004,no_action
1.0,29.184165173518775,0.0,1.4,1.1,125.81800000000003,no_action
1.0,49.789521877867415,0.0,1.4,1.1,125.81800000000003,no_action
1.0,50.0039967090335,0.0,1.4,1.1,125.81800000000003,no_action
1.0,56.302555169916374,0.0,1.4,1.1,125.81800000000003,no_action
4.0,49.18185222307579,0.0,5.6,4.4,132.74800000000002,no_action
1.0,74.8904587808172,0.0,1.4,1.1,125.81800000000003,no_action
2.0,38.88890049325859,0.0,2.8,2.2,128.12800000000001,no_action
1.0,39.97599405104783,0.0,1.4,1.1,125.81800000000003,no_action
1.0,29.77608508897365,1.0,1.4,5.1,224.21800000000002,no_action
2.0,44.97798101216497,0.0,2.8,2.2,128.12800000000001,no_action
1.0,45.75393399050193,0.0,1.4,1.1,125.81800000000003,no_action
5.0,0.0,0.2,69.80000000000001,67.5,283.25800000000004,speed_harmonization
1.0,33.98358635586248,0.0,1.4,1.1,125.81800000000003,no_action
1.0,54.92952355571034,0.0,1.4,1.1,125.81800000000003,no_action
8.0,32.708221703391736,0.125,13.2,15.600000000000001,167.51800000000003,heavy_vehicle_ban
9.0,8.61617016688541,0.0,60.4444256328521,56.26765966622918,241.6700852990813,speed_harmonization
3.0,32.258178225634,0.3333333333333333,4.199999999999999,7.300000000000001,168.83800000000002,heavy_vehicle_ban
10.0,22.1232737488258,0.0,18.128797752583242,11.0,146.60800000000003,speed_harmonization
4.0,33.39196607013892,0.0,5.6,4.4,132.74800000000002,no_action
1.0,72.96702057352263,0.0,1.4,1.1,125.81800000000003,no_action
1.0,70.00197716926853,0.0,1.4,1.1,125.81800000000003,no_action
1.0,0.0,0.0,56.2,47.9,224.098,no_action
3.0,29.86263633835651,0.6666666666666666,4.199999999999999,11.3,207.23800000000003,heavy_vehicle_ban
1.0,23.82590277721403,0.0,1.7830138901291355,1.1,125.81800000000003,no_action
1.0,19.950614290716327,1.0,10.30864856042408,9.198771418567345,232.82541997899145,no_action
1.0,25.487538709392048,0.0,1.4,1.1,125.81800000000003,no_action
1.0,47.887388074969195,0.0,1.4,1.1,125.81800000000003,no_action
3.0,61.791981292559186,0.0,4.199999999999999,3.3000000000000003,130.43800000000002,no_action
2.0,72.47430642913298,0.0,2.8,2.2,128.12800000000001,no_action
6.0,58.43515868862374,0.0,8.399999999999999,6.6000000000000005,137.36800000000002,no_action
2.0,67.84280164937266,0.0,2.8,2.2,128.12800000000001,no_action
4.0,64.68275149423629,0.0,5.6,4.4,132.74800000000002,no_action
2.0,49.77730532759905,0.0,2.8,2.2,128.12800000000001,no_action
4.0,38.266527211127915,0.25,5.6,8.4,163.64800000000002,no_action
2.0,50.001732419895596,0.0,2.8,2.2,128.12800000000001,no_action
3.0,74.41153259301709,0.0,4.199999999999999,3.3000000000000003,130.43800000000002,no_action
2.0,71.42250090185313,0.0,2.8,2.2,128.12800000000001,no_action
4.0,42.88758765805921,0.0,5.6,4.4,132.74800000000002,no_action
2.0,57.609542917633775,0.0,2.8,2.2,128.12800000000001,no_action
1.0,64.99799716229234,0.0,1.4,1.1,125.81800000000003,no_action
1.0,64.80252912899313,0.0,1.4,1.1,125.81800000000003,no_action
2.0,37.034590968890264,0.0,2.8,2.2,128.12800000000001,no_action
4.0,1.1264720029468789,0.0,57.92176159351687,48.94705599410624,226.29681758762314,idling_restriction
1.0,48.93276095801248,0.0,1.4,1.1,125.81800000000003,no_action
1.0,87.18325645292767,0.0,1.4,1.1,125.81800000000003,no_action
4.0,71.45920697186618,0.0,5.6,4.4,132.74800000000002,no_action
4.0,71.90866714740741,0.0,5.6,4.4,132.74800000000002,no_action
1.0,79.71687132546157,0.0,1.4,1.1,125.81800000000003,no_action
1.0,75.00599795004635,0.0,1.4,1.1,125.81800000000003,no_action
2.0,66.16912813092392,0.0,2.8,2.2,128.12800000000001,no_action
31.0,4.739296225095157,0.0967741935483871,127.77354830479067,139.4214075498097,425.0026332739552,idling_restriction
1.0,34.777307624722376,0.0,1.4,1.1,125.81800000000003,no_action
2.0,28.05021542029529,0.0,2.8,2.2,128.12800000000001,no_action
1.0,3.2735123770867665,0.0,46.998272770409116,38.55297524582647,204.4692480162356,no_action
2.0,0.0,0.5,59.6,55.8,285.688,heavy_vehicle_ban
1.0,46.598720277259574,0.0,1.4,1.1,125.81800000000003,no_action
1.0,39.78931674237503,0.0,1.4,1.1,125.81800000000003,no_action
1.0,49.79226842861522,0.0,1.4,1.1,125.81800000000003,no_action
7.0,33.42274103449901,0.14285714285714285,9.799999999999999,11.700000000000001,160.9351428571429,heavy_vehicle_ban
1.0,0.0014455027445102765,0.0,56.19681989396208,47.89710899451098,224.0919288884731,no_action
2.0,62.57846218508347,0.0,2.8,2.2,128.12800000000001,no_action
3.0,47.942437994411634,0.0,4.199999999999999,3.3000000000000003,130.43800000000002,no_action
12.0,5.959836273320679,0.0,76.48836019869451,73.28032745335864,277.3966876520532,speed_harmonization
1.0,64.9979858508554,1.0,1.4,5.1,224.21800000000002,no_action
1.0,0.0,0.0,56.2,47.9,224.098,no_action
2.0,39.988659414303804,0.0,2.8,2.2,128.12800000000001,no_action
2.0,43.3140730625934,0.0,2.8,2.2,128.12800000000001,no_action
3.0,45.01031222819843,0.0,4.199999999999999,3.3000000000000003,130.43800000000002,no_action
10.0,40.09206069792079,0.1,14.0,15.0,164.00800000000004,rerouting
2.0,56.309323268213895,0.5,2.8,6.2,181.52800000000002,heavy_vehicle_ban
1.0,79.5741738712877,0.0,1.4,1.1,125.81800000000003,no_action
3.0,0.019388779577571364,0.0,62.95734468492934,55.66122244084485,240.39656712577423,speed_harmonization
1.0,13.665460041136342,0.0,24.13598790950005,17.769079917727318,160.8230678272274,no_action
11.0,19.236864135011782,0.09090909090909091,25.87889890297408,21.626271729976438,177.10498881476872,heavy_vehicle_ban
2.0,58.42327700181221,0.0,2.8,2.2,128.12800000000001,no_action
1.0,75.00583726567918,0.0,1.4,1.1,125.81800000000003,no_action
2.0,63.53644691518586,0.0,2.8,2.2,128.12800000000001,no_action
2.0,46.38534835836381,0.0,2.8,2.2,128.12800000000001,no_action
1.0,37.82884902096009,0.0,1.4,1.1,125.81800000000003,no_action
1.0,50.00399855764071,0.0,1.4,1.1,125.81800000000003,no_action
1.0,45.13870612833267,0.0,1.4,1.1,125.81800000000003,no_action
2.0,29.679068541080103,0.0,2.8,2.2,128.12800000000001,no_action
1.0,48.61127114218807,0.0,1.4,1.1,125.81800000000003,no_action
1.0,0.0,0.0,56.2,47.9,224.098,no_action
4.0,1.785544946129794,0.25,60.47180111851446,57.22891010774041,266.1887112262549,speed_harmonization
1.0,42.888068112819035,0.0,1.4,1.1,125.81800000000003,no_action
1.0,47.46408443639225,0.0,1.4,1.1,125.81800000000003,no_action
1.0,34.78753054737351,0.0,1.4,1.1,125.81800000000003,no_action
1.0,29.565581605921718,1.0,1.4,5.1,224.21800000000002,no_action
1.0,38.715310416735086,0.0,1.4,1.1,125.81800000000003,no_action
1.0,39.37525576212102,0.0,1.4,1.1,125.81800000000003,no_action
1.0,49.85229411626402,0.0,1.4,1.1,125.81800000000003,no_action
2.0,39.76266101321932,0.0,2.8,2.2,128.12800000000001,no_action
1.0,49.24372173335821,0.0,1.4,1.1,125.81800000000003,no_action
2.0,14.037933786867601,0.0,26.71654566889128,20.924132426264798,167.4486780951561,speed_harmonization
1.0,23.228444382283428,1.0,3.097422358976459,5.1,224.21800000000002,no_action
1.0,50.003999883702114,0.0,1.4,1.1,125.81800000000003,no_action
1.0,47.229280204994865,0.0,1.4,1.1,125.81800000000003,no_action
2.0,44.44280590012917,0.5,2.8,6.2,181.52800000000002,heavy_vehicle_ban
4.0,62.28166171439827,0.0,5.6,4.4,132.74800000000002,no_action
2.0,46.704600566462695,0.0,2.8,2.2,128.12800000000001,no_action
1.0,44.22008333237998,0.0,1.4,1.1,125.81800000000003,no_action
1.0,50.649062539680216,0.0,1.4,1.1,125.81800000000003,no_action
4.0,44.10081231149289,0.25,5.6,8.4,163.64800000000002,heavy_vehicle_ban
1.0,44.17442051389154,0.0,1.4,1.1,125.81800000000003,no_action
1.0,0.0,0.0,56.2,47.9,224.098,no_action
1.0,12.437223444961031,0.0,26.83810842108573,20.22555311007794,165.9816615311637,no_action
4.0,30.462997239476334,0.0,5.6,4.4,132.74800000000002,no_action
2.0,54.54824873870103,0.0,2.8,2.2,128.12800000000001,no_action
1.0,27.483496109622806,0.0,1.4,1.1,125.81800000000003,no_action
7.0,0.0,0.14285714285714285,76.6,75.3,294.49514285714287,speed_harmonization
2.0,28.495829893896282,0.5,2.8,6.2,181.52800000000002,no_action
1.0,49.16631783962188,0.0,1.4,1.1,125.81800000000003,no_action
2.0,5.6888383654873875,0.0,43.084555595927746,34.822323269025226,196.634878864953,speed_harmonization
1.0,0.0,0.0,56.2,47.9,224.098,no_action
1.0,0.0,0.0,56.2,47.9,224.098,no_action
1.0,17.504525763982745,1.0,15.690043319237963,14.09094847203451,243.0989917912725,no_action
1.0,29.973667799222206,1.0,1.4,5.1,224.21800000000002,no_action
1.0,50.003999997588004,0.0,1.4,1.1,125.81800000000003,no_action
1.0,64.90766161685401,0.0,1.4,1.1,125.81800000000003,no_action
3.0,48.60815934628896,0.0,4.199999999999999,3.3000000000000003,130.43800000000002,no_action
1.0,28.955551361765515,1.0,1.4,5.1,224.21800000000002,no_action
2.0,31.56601080982463,0.0,2.8,2.2,128.12800000000001,no_action
12.0,10.42375389471646,0.08333333333333333,62.66774143162378,62.752492210567084,262.7882336421909,speed_harmonization
6.0,5.819020293080233,0.0,48.398155355223494,38.96195941383954,205.32811476906306,speed_harmonization
4.0,27.524536709089677,0.0,5.6,4.4,132.74800000000002,no_action
2.0,44.05116280284812,0.0,2.8,2.2,128.12800000000001,no_action
1.0,39.67401637881732,0.0,1.4,1.1,125.81800000000003,no_action
3.0,0.0,0.0,63.0,55.7,240.47800000000004,speed_harmonization
1.0,70.00199999891863,0.0,1.4,1.1,125.81800000000003,no_action
1.0,48.26418506080131,0.0,1.4,1.1,125.81800000000003,no_action
1.0,70.00199305953112,0.0,1.4,1.1,125.81800000000003,no_action
6.0,42.527006959332965,0.0,8.399999999999999,6.6000000000000005,137.36800000000002,rerouting
1.0,39.98618498436039,0.0,1.4,1.1,125.81800000000003,no_action
1.0,62.87477882990599,0.0,1.4,1.1,125.81800000000003,no_action
1.0,30.965714909331073,0.0,1.4,1.1,125.81800000000003,no_action
1.0,50.00372915293212,0.0,1.4,1.1,125.81800000000003,no_action
1.0,78.49700934511586,0.0,1.4,1.1,125.81800000000003,no_action
2.0,49.08872614775405,0.0,2.8,2.2,128.12800000000001,no_action
1.0,73.99295266101424,0.0,1.4,1.1,125.81800000000003,no_action
1.0,37.500452014461594,0.0,1.4,1.1,125.81800000000003,no_action
1.0,39.94814269830809,0.0,1.4,1.1,125.81800000000003,no_action
1.0,26.63919393714963,1.0,1.4,5.1,224.21800000000002,no_action
1.0,39.9932608232928,0.0,1.4,1.1,125.81800000000003,no_action
2.0,41.12502051111725,0.0,2.8,2.2,128.12800000000001,no_action
4.0,14.060367312838933,0.0,27.467191911754348,20.279265374322136,166.0944572860765,speed_harmonization
1.0,21.90733286135749,1.0,6.0038677050135245,5.285334277285022,224.60720198229856,no_action
10.0,33.09179907478449,0.1,16.0,17.8,169.88800000000003,heavy_vehicle_ban
11.0,7.0709721594043975,0.0,70.64386124931033,67.1580556811912,264.53991693050153,idling_restriction
1.0,30.541191612350705,0.0,1.4,1.1,125.81800000000003,no_action
1.0,19.30143320067471,0.0,11.736846958515644,6.497133598650583,137.15198055716624,no_action
12.0,11.707450813559884,0.08333333333333333,51.843608210168256,48.98509837288023,233.87670658304853,speed_harmonization
1.0,39.6210194623418,0.0,1.4,1.1,125.81800000000003,no_action
3.0,34.531022228674686,0.3333333333333333,4.199999999999999,7.300000000000001,168.83800000000002,rerouting
1.0,18.667750731933978,0.0,13.13094838974525,7.764498536132043,139.81344692587732,no_action
2.0,48.716302968501275,0.0,2.8,2.2,128.12800000000001,no_action
1.0,73.83538650279502,0.0,1.4,1.1,125.81800000000003,no_action
1.0,70.00199999938228,0.0,1.4,1.1,125.81800000000003,no_action
2.0,49.84695885150441,0.0,2.8,2.2,128.12800000000001,no_action
5.0,42.36194158590314,0.0,7.0,5.5,135.05800000000002,no_action
1.0,28.446928403786064,1.0,1.4,5.1,224.21800000000002,no_action
1.0,20.561942813495595,1.0,8.963725810309692,7.97611437300881,230.25784018331854,no_action
1.0,25.92218185261312,0.0,1.4,1.1,125.81800000000003,no_action
1.0,48.296291658899435,0.0,1.4,1.1,125.81800000000003,no_action
3.0,63.43117489664566,0.3333333333333333,4.199999999999999,7.300000000000001,168.83800000000002,no_action
2.0,72.47525449380706,0.0,2.8,2.2,128.12800000000001,no_action
10.0,43.101120516842336,0.0,14.0,11.0,146.60800000000003,rerouting
4.0,68.86730607085619,0.0,5.6,4.4,132.74800000000002,no_action
1.0,27.616521184144673,0.0,1.4,1.1,125.81800000000003,no_action
2.0,79.4913472868722,0.0,2.8,2.2,128.12800000000001,no_action
2.0,28.006982496629167,0.5,2.8,6.2,181.52800000000002,heavy_vehicle_ban
1.0,49.5692605349257,0.0,1.4,1.1,125.81800000000003,no_action
5.0,35.73997588390413,0.0,7.0,5.5,135.05800000000002,no_action
2.0,50.00274214505051,0.0,2.8,2.2,128.12800000000001,no_action
1.0,89.9204117495917,0.0,1.4,1.1,125.81800000000003,no_action
1.0,82.45509781538799,1.0,1.4,5.1,224.21800000000002,no_action
3.0,36.74566554385929,0.3333333333333333,4.199999999999999,7.300000000000001,168.83800000000002,heavy_vehicle_ban
3.0,57.20359641262119,0.0,4.199999999999999,3.3000000000000003,130.43800000000002,no_action
3.0,46.458702626180134,0.0,4.199999999999999,3.3000000000000003,130.43800000000002,no_action
2.0,28.889216037280832,0.0,2.8,2.2,128.12800000000001,no_action
1.0,48.62424935046071,0.0,1.4,1.1,125.81800000000003,no_action
2.0,83.42133176508369,0.0,2.8,2.2,128.12800000000001,no_action
6.0,66.13050754279442,0.0,8.399999999999999,6.6000000000000005,137.36800000000002,speed_harmonization
5.0,35.63581636216843,0.2,7.0,9.5,161.45800000000003,heavy_vehicle_ban
32.0,3.4798194747921047,0.09375,139.94439715545735,154.2403610504158,455.8502582058732,rerouting
1.0,40.765153327743356,0.0,1.4,1.1,125.81800000000003,no_action
1.0,0.0,0.0,56.2,47.9,224.098,no_action
1.0,39.600171623996026,0.0,1.4,1.1,125.81800000000003,no_action
2.0,20.33194185234534,0.0,12.869727924840248,8.336116295309317,141.0138442201496,no_action
1.0,33.38854319916184,0.0,1.4,1.1,125.81800000000003,no_action
8.0,30.626694156523556,0.125,11.2,12.8,161.63800000000003,heavy_vehicle_ban
1.0,2.7620734622340075,0.0,48.12343838308519,39.57585307553199,206.61729145861722,no_action
2.0,66.48451543433261,0.0,2.8,2.2,128.12800000000001,no_action
2.0,62.35877740715989,0.0,2.8,2.2,128.12800000000001,no_action
15.0,12.699947293491645,0.0,67.86011595431839,65.9001054130167,261.8982213673351,speed_harmonization
1.0,64.99799999315937,1.0,1.4,5.1,224.21800000000002,no_action
1.0,0.0,0.0,56.2,47.9,224.098,no_action
3.0,39.9862154965808,0.0,4.199999999999999,3.3000000000000003,130.43800000000002,no_action
4.0,38.58239300105373,0.25,5.6,8.4,163.64800000000002,heavy_vehicle_ban
3.0,44.89921969760513,0.0,4.199999999999999,3.3000000000000003,130.43800000000002,no_action
5.0,37.817576732264314,0.0,7.0,5.5,135.05800000000002,rerouting
3.0,46.49685742825145,0.3333333333333333,4.199999999999999,7.300000000000001,168.83800000000002,heavy_vehicle_ban
3.0,35.21508012250763,0.0,4.199999999999999,3.3000000000000003,130.43800000000002,no_action
13.0,15.434728424829643,0.07692307692307693,43.04359746537479,39.830543150340716,214.0752175387925,speed_harmonization
1.0,71.37273206334173,0.0,1.4,1.1,125.81800000000003,no_action
4.0,48.10467513869237,0.0,5.6,4.4,132.74800000000002,no_action
